1193,8,score
cht3de0.bmp,1.27708,0.65946,0.81132,1.16352,0.22738,0.94307,0.32197,0.77705,90
cht3su0.bmp,1.19549,0.82143,0.81579,1.10526,0.42816,0.97233,0.60823,0.8132,90
cht3xu0.bmp,1.14726,0.94595,0.85714,0.96104,0.41144,0.96951,0.55052,0.82796,90
cht3er1.bmp,0.703,0.94245,1.25243,1.34951,0.31403,0.9614,0.41872,0.7981,90
cht3shang0.bmp,0.78283,0.81977,1.13913,1.49565,0.25422,0.98227,0.42315,0.7812,90
cht3wang0.bmp,0.8421,1.2,1.21,1.15,0.28113,0.96495,0.44236,0.78589,90
cht3xing1.bmp,1.00982,0.73964,0.82517,1.18182,0.20096,0.95386,0.32269,0.74409,90
cht3feng0.bmp,1.0513,0.69519,0.67033,1.02747,0.2246,0.96461,0.37373,0.74813,90
cht3zai0.bmp,1.02097,0.77976,0.94079,1.10526,0.20504,0.96422,0.37523,0.77646,90
cht3sheng0.bmp,1.19432,1.16379,1.11304,1.0087,0.38111,0.97956,0.54028,0.81791,90
cht3qin0.bmp,0.99495,0.96403,0.92593,1.02963,0.33272,0.95446,0.41756,0.82156,90
cht3er0.bmp,0.75675,0.95455,1.26471,1.29412,0.38098,0.97267,0.47309,0.83394,90
cht3deng0.bmp,0.95497,0.8375,0.90714,1.14286,0.2881,0.94917,0.39644,0.78687,90
cht3zhi7.bmp,0.59049,0.88816,1.19048,1.44762,0.26435,0.96173,0.38906,0.79306,90
cht3yi2.bmp,1.56847,1.16667,0.89116,0.77551,0.38146,0.96393,0.57396,0.76756,90
cht3ji0.bmp,0.89415,0.79167,0.82609,1.21739,0.34073,0.96522,0.46065,0.82639,90
cht3zhi0.bmp,0.62531,0.85806,1.15888,1.4486,0.27317,0.96437,0.38373,0.80109,90
cht3quan0.bmp,0.93587,0.69154,0.73054,1.20359,0.21925,0.94897,0.33644,0.78717,90
cht3duan0.bmp,0.91405,0.90385,0.89333,1.04,0.47697,0.96821,0.67454,0.78862,90
cht3bian0.bmp,1.24851,0.88652,0.71176,0.82941,0.30597,0.93553,0.42826,0.80258,90
cht3wan0.bmp,1.23286,0.90476,0.79762,0.875,0.40304,0.9665,0.55586,0.78704,90
cht3ren1.bmp,0.49657,0.72778,1.35789,1.89474,0.20433,0.97839,0.38042,0.78656,90
cht3yi0.bmp,1.02608,0.81366,0.97794,1.18382,0.27055,0.96007,0.38468,0.80299,90
cht3zhen0.bmp,1.14178,0.66019,0.81176,1.21176,0.18307,0.94759,0.32346,0.74972,90
cht3xing2.bmp,1.02349,0.71176,0.88321,1.24088,0.14281,0.93864,0.23055,0.74848,90
cht3liu0.bmp,0.42864,0.6978,1.5,2.16667,0.18914,0.94439,0.27379,0.79616,90
cht3jing1.bmp,1.27054,0.69231,0.74138,1.04598,0.30877,0.96365,0.42866,0.78421,90
cht3xiu0.bmp,1.04025,0.79532,0.76282,1.09615,0.40192,0.97081,0.61779,0.75322,90
cht3yi1.bmp,1.06217,0.85906,0.97101,1.07971,0.25963,0.95743,0.39783,0.77564,90
cht3zuo0.bmp,1.06459,1.03077,1.04065,1.05691,0.37058,0.97418,0.50613,0.82506,90
cht3jiang0.bmp,1.21869,0.75449,0.86131,1.21898,0.38959,0.96631,0.53109,0.79306,90
cht3tong0.bmp,1.11516,0.84024,0.87075,1.14966,0.41303,0.96835,0.57105,0.81833,90
cht3zhe0.bmp,1.03741,0.76836,0.88312,1.14935,0.23479,0.9586,0.38659,0.74043,90
cht3jiu2.bmp,0.89031,0.92857,1.125,1.25,0.24601,0.96644,0.41703,0.80016,90
cht3dao0.bmp,1.26692,0.93333,0.82468,0.97403,0.45526,0.97158,0.59266,0.84273,90
cht3wei0.bmp,0.94019,0.76163,0.96552,1.18621,0.13761,0.88864,0.2143,0.76824,90
cht3li0.bmp,0.63535,0.76571,1.17857,1.5625,0.13602,0.9168,0.21035,0.79607,90
cht3dang0.bmp,1.0671,0.86093,0.82759,1.04138,0.38817,0.9673,0.59156,0.75508,90
cht3zhi4.bmp,0.62121,0.86928,1.1619,1.45714,0.27046,0.96467,0.40626,0.78764,90
cht3qi0.bmp,1.26036,0.91558,0.69767,0.89535,0.04662,0.64538,0.06805,0.81382,90
cht3xin1.bmp,0.90428,0.77907,0.9771,1.31298,0.31118,0.95956,0.43852,0.78496,90
cht3zhi8.bmp,1.12775,0.86184,0.76074,0.93252,0.29549,0.96043,0.36442,0.85444,90
cht3chu0.bmp,1.15899,0.83974,0.90541,1.05405,0.19317,0.90378,0.26334,0.81834,90
cht3ren0.bmp,0.48313,0.71667,1.39785,1.93548,0.18477,0.9754,0.35397,0.78234,90
cht3zhe1.bmp,1.15876,0.73262,0.82099,1.15432,0.20235,0.9538,0.32864,0.74861,90
cht3ye0.bmp,0.7743,0.79167,1.16981,1.58491,0.28442,0.96463,0.4473,0.76626,90
cht3xiu1.bmp,1.26159,0.84277,0.84106,1.05298,0.35622,0.96207,0.54554,0.75165,90
cht3shi0.bmp,1.08105,0.75,0.85417,1.22222,0.23528,0.94911,0.33052,0.81069,90
cht3nai0.bmp,1.22447,1.11207,1.08594,0.90625,0.26182,0.96006,0.35623,0.82015,90
cht3xin0.bmp,1.07055,0.78395,0.87943,1.14894,0.34272,0.95528,0.47007,0.80184,90
cht3de1.bmp,1.27298,0.70115,0.85806,1.12258,0.26416,0.95241,0.36197,0.78794,90
cht3hua0.bmp,0.83163,0.74854,1.20388,1.66019,0.12593,0.9068,0.17807,0.79803,90
cht3qing0.bmp,1.35866,0.77193,0.72093,0.99419,0.36982,0.97024,0.50311,0.79852,90
cht3zhi5.bmp,0.53538,0.79651,1.13889,1.59259,0.25821,0.96424,0.3968,0.78174,90
cht3shen0.bmp,1.73161,0.91912,0.83436,0.83436,0.28343,0.96444,0.4292,0.80103,90
cht3xing0.bmp,1.0795,0.72674,0.87943,1.21986,0.15968,0.94201,0.25818,0.74514,90
cht3ci0.bmp,1.10319,0.84906,1.15652,1.38261,0.25064,0.96008,0.33433,0.82318,90
cht3dao1.bmp,1.21968,0.88415,0.76687,1.00613,0.41265,0.97324,0.60036,0.80589,90
cht3quan1.bmp,1.27044,0.88,0.8141,0.96154,0.33267,0.9647,0.46989,0.80238,90
cht3zhi2.bmp,1.09043,1.09016,1.03226,0.98387,0.35461,0.97502,0.47358,0.84262,90
cht3jiu1.bmp,0.92213,1.032,1.10185,1.15741,0.25596,0.96545,0.42637,0.79281,90
cht3zhi6.bmp,1.15232,0.86335,0.76101,1.01258,0.2729,0.95339,0.36353,0.82227,90
cht3ying0.bmp,0.82662,0.86538,0.94656,1.19084,0.35966,0.96303,0.50543,0.81014,90
cht3chang0.bmp,0.84234,0.6093,0.89404,1.42384,0.22507,0.96012,0.34645,0.76597,90
cht3zhi3.bmp,0.61581,0.91837,1.18269,1.41346,0.2655,0.96067,0.37388,0.80548,90
cht3bi0.bmp,0.78336,0.97143,1.2549,1.37255,0.33032,0.96441,0.46959,0.78204,90
cht3po0.bmp,0.9454,0.75556,0.83007,1.17647,0.24906,0.95775,0.37959,0.79521,90
cht3jiang1.bmp,1.10515,0.64162,0.65476,1.02976,0.32661,0.96876,0.49904,0.76365,90
cht3jiu0.bmp,0.65875,0.71348,1.09174,1.63303,0.26286,0.9723,0.35699,0.83071,90
cht3zhi1.bmp,1.01504,0.97744,1.09322,1.12712,0.31662,0.97156,0.43059,0.84234,90
cht3ling0.bmp,1.07119,0.90141,0.90972,0.98611,0.26587,0.92306,0.31915,0.86506,90
cht3bu0.bmp,0.89787,0.93233,1.22115,1.27885,0.31398,0.96481,0.36617,0.88645,90
cht3zu0.bmp,1.0701,0.80537,0.88194,1.03472,0.25599,0.96442,0.41337,0.73552,90
cht3jing0.bmp,1.26852,0.65979,0.73684,1.1345,0.41163,0.97021,0.59575,0.7671,90
cht3jia0.bmp,1.04602,1.03774,1.04065,0.86179,0.42388,0.97869,0.65445,0.80001,90
cht3ling1.bmp,0.9972,0.87248,0.85235,1.0,0.27102,0.9312,0.32966,0.85806,90
cht3mo0.bmp,1.25448,0.90345,0.91367,1.04317,0.34448,0.95857,0.41726,0.88817,90
cht3xian0.bmp,1.04666,0.90132,1.01575,1.19685,0.27316,0.96702,0.43034,0.76617,90
cht3fa0.bmp,0.95389,0.76923,0.82119,1.11921,0.30881,0.964,0.4353,0.77598,90
cht1de0.bmp,1.13506,0.63298,0.89404,1.24503,0.24332,0.9412,0.34179,0.77869,90
cht1you0.bmp,0.64125,0.75281,1.05172,1.53448,0.23116,0.97267,0.33102,0.82335,90
cht1shen1.bmp,0.95879,0.64571,0.81212,1.06061,0.33384,0.97264,0.52702,0.75607,90
cht1wang0.bmp,0.82568,1.2963,1.22222,1.09091,0.37009,0.97373,0.57009,0.78932,90
cht1zai0.bmp,1.00766,0.88312,0.88148,1.14074,0.30592,0.9598,0.41571,0.84709,90
cht1yan0.bmp,1.04385,0.76331,0.80921,1.11184,0.37276,0.96436,0.48689,0.80999,90
cht1ren3.bmp,0.50253,0.68229,1.20952,1.82857,0.19492,0.97958,0.37266,0.77743,90
cht1sheng0.bmp,1.30905,1.32673,1.05738,0.82787,0.4014,0.98196,0.5886,0.80938,90
cht1qin0.bmp,1.12396,0.77193,0.74545,1.03636,0.36069,0.95905,0.44343,0.84887,90
cht1ji0.bmp,1.02354,0.86275,0.95349,1.18605,0.03238,0.51034,0.04533,0.80245,90
cht1zhi0.bmp,0.48785,0.84277,1.3125,1.65625,0.29222,0.95817,0.38639,0.82789,90
cht1xiang0.bmp,0.9047,0.65,0.81379,1.37931,0.22753,0.94953,0.39139,0.73671,90
cht1yu0.bmp,0.93578,0.6381,0.91667,1.45833,0.12687,0.88797,0.20159,0.76375,90
cht1ren1.bmp,0.51249,0.7,1.23364,1.7757,0.19262,0.97884,0.35653,0.78342,90
cht1yi0.bmp,0.8924,0.83439,0.97674,1.21705,0.23947,0.95769,0.37361,0.76277,90
cht1yi1.bmp,0.24901,0.80128,4.53571,5.57143,0.58768,0.98624,0.80635,0.89423,90
cht1ji2.bmp,0.88325,0.88679,0.93233,1.19549,0.24148,0.96648,0.36279,0.81492,90
cht1bu1.bmp,0.87648,0.86429,1.24272,1.35922,0.35673,0.97166,0.42479,0.87774,90
cht1xia0.bmp,0.90318,0.73248,1.41053,1.65263,0.21877,0.97547,0.41026,0.77159,90
cht1chuang1.bmp,1.24724,0.77011,0.82857,1.24286,0.26197,0.96343,0.37639,0.79253,90
cht1ji1.bmp,0.85868,0.77714,0.81818,1.13636,0.24783,0.97166,0.37494,0.80783,90
cht1tong0.bmp,1.14816,1.05983,1.09756,0.95122,0.53711,0.97142,0.65123,0.8533,90
cht1jin0.bmp,1.0384,0.70968,0.82166,1.18471,0.17478,0.92451,0.26788,0.76825,90
cht1dao0.bmp,1.19952,0.88125,0.77922,1.03896,0.50284,0.97411,0.66566,0.8451,90
cht1wei0.bmp,1.04135,0.80814,0.88344,1.05521,0.28383,0.95257,0.43813,0.76188,90
cht1dang0.bmp,1.08001,0.92857,0.88028,0.98592,0.40405,0.96367,0.58674,0.76821,90
cht1hun0.bmp,0.77413,0.67956,1.02362,1.4252,0.38026,0.95609,0.48943,0.83211,90
cht1sang1.bmp,0.9341,0.70408,0.80892,1.24841,0.30797,0.96264,0.48594,0.7629,90
cht1shi1.bmp,0.77033,0.85987,1.42391,1.70652,0.35323,0.97744,0.54778,0.77055,90
cht1ren0.bmp,0.48736,0.70213,1.29293,1.89899,0.21102,0.98034,0.39352,0.78056,90
cht1shao0.bmp,1.08044,0.7377,0.79085,1.19608,0.44302,0.97203,0.61828,0.8252,90
cht1wu1.bmp,0.70909,0.69312,1.22,1.89,0.3213,0.97784,0.51897,0.80333,90
cht1ye0.bmp,0.63346,0.74586,1.29348,1.96739,0.27426,0.96891,0.44885,0.77425,90
cht1chuang0.bmp,1.03041,0.74011,0.89394,1.34091,0.32505,0.96843,0.42207,0.82813,90
cht1shi0.bmp,1.1857,0.82051,0.80745,0.96894,0.23409,0.94342,0.34969,0.76903,90
cht1xin0.bmp,1.63007,0.94531,0.76136,0.72727,0.19418,0.95107,0.32504,0.74021,90
cht1shou0.bmp,1.29372,0.85526,1.0,1.08571,0.31172,0.96794,0.49389,0.75495,90
cht1rou0.bmp,1.06827,1.11111,1.03906,0.91406,0.44742,0.97612,0.55664,0.83207,90
cht1shen0.bmp,1.15302,0.74595,0.84472,1.14907,0.25828,0.96054,0.41221,0.74722,90
cht1si1.bmp,0.99295,0.88966,0.85926,1.07407,0.19612,0.93583,0.27029,0.83504,90
cht1xing0.bmp,1.3435,0.85714,0.96324,1.13235,0.30405,0.96652,0.45264,0.77864,90
cht1ci0.bmp,1.06352,0.87919,1.18018,1.34234,0.28279,0.96019,0.35005,0.84686,90
cht1shi2.bmp,1.06119,1.05512,1.06557,1.04098,0.31238,0.96674,0.4868,0.78177,90
cht1dui0.bmp,1.12228,0.82581,0.86111,1.07639,0.47386,0.97116,0.59886,0.83017,90
cht1wu0.bmp,1.11813,0.77922,0.94815,1.14074,0.11698,0.9016,0.16603,0.78568,90
cht1gui0.bmp,1.05447,0.83221,0.96032,1.18254,0.36985,0.96286,0.47599,0.84927,90
cht1jia1.bmp,0.88971,0.63452,0.96154,1.51538,0.20236,0.92416,0.26961,0.82311,90
cht1qie0.bmp,0.88825,0.88514,1.09402,1.26496,0.35698,0.97006,0.48077,0.80396,90
cht1zhi2.bmp,0.54514,0.81366,1.20755,1.51887,0.24467,0.95569,0.34291,0.80998,90
cht1fu0.bmp,1.14057,0.88276,0.97581,1.16935,0.37397,0.96267,0.46944,0.86408,90
cht1qin1.bmp,1.19057,0.78788,0.68452,0.98214,0.34383,0.95583,0.43544,0.84238,90
cht1chang0.bmp,1.2103,0.6625,0.64211,0.84211,0.24914,0.96433,0.46062,0.73507,90
cht1jin1.bmp,0.72036,0.8961,1.11504,1.36283,0.46699,0.97285,0.6056,0.82967,90
cht1fu1.bmp,0.95799,0.62903,0.80925,1.07514,0.24503,0.95371,0.41345,0.7409,90
cht1ren2.bmp,0.51726,0.70718,1.3299,1.86598,0.2266,0.98184,0.42116,0.78519,90
cht1zhi1.bmp,0.59932,0.875,1.17925,1.43396,0.24044,0.95334,0.34071,0.80967,90
cht1ling0.bmp,0.65338,0.64,0.83448,1.37931,0.22567,0.9665,0.43232,0.72981,90
cht1sang0.bmp,0.8649,0.71212,0.80392,1.29412,0.29268,0.95998,0.4788,0.75945,90
cht1bu0.bmp,0.87419,0.81757,1.18692,1.38318,0.32338,0.96867,0.39672,0.86412,90
cht1jing0.bmp,0.82052,0.77381,0.97674,1.30233,0.00498,-3.49752,0.00678,0.83485,90
cht1jin2.bmp,1.1159,0.81988,0.80368,0.98773,0.08553,0.83099,0.12302,0.78,90
cht1yu1.bmp,1.43641,0.91608,0.76774,0.92258,0.11872,0.90819,0.16522,0.80304,90
cht1you1.bmp,0.99799,0.87162,1.025,1.23333,0.20726,0.94579,0.26288,0.82162,90
cht1jia0.bmp,1.12685,0.87413,0.75301,0.86145,0.36941,0.96613,0.46545,0.82451,90
cht1si0.bmp,0.88528,0.84416,0.93443,1.2623,0.22679,0.94693,0.30786,0.85416,90
cht1xie0.bmp,1.28195,0.77622,0.85235,0.95973,0.26365,0.95715,0.37703,0.77977,90
cht1san0.bmp,0.44262,0.93007,1.41111,1.58889,0.25194,0.96382,0.38489,0.80159,90
cht4yao0.bmp,0.99612,0.66667,0.79532,1.17544,0.2394,0.94591,0.38858,0.74839,90
cht4de0.bmp,1.01752,0.75401,0.75904,1.12651,0.29314,0.94977,0.45366,0.76423,90
cht4er1.bmp,0.69884,0.97015,1.3,1.34,0.37082,0.97123,0.47182,0.81376,90
cht4bing0.bmp,1.02712,0.92568,1.12069,1.27586,0.36527,0.97014,0.57217,0.81022,90
cht4you0.bmp,1.43382,0.9,0.92258,0.90323,0.31242,0.96776,0.43604,0.79727,90
cht4wang0.bmp,1.00655,1.11304,1.44444,1.27778,0.39348,0.98154,0.54307,0.83243,90
cht4xing1.bmp,1.38309,0.88489,0.96923,1.06923,0.2109,0.92902,0.25515,0.84466,90
cht4zai0.bmp,1.04542,0.74419,0.92308,1.10256,0.18908,0.96057,0.34754,0.77505,90
cht4shan0.bmp,0.96789,1.27523,1.30928,1.12371,0.29684,0.97598,0.4373,0.80655,90
cht4zhao0.bmp,0.87886,0.62326,0.9781,1.56934,0.21553,0.94517,0.31004,0.79583,90
cht4er0.bmp,0.83033,0.74405,0.96774,1.35484,0.34853,0.96712,0.45985,0.83826,90
cht4zhong0.bmp,1.22558,1.03636,0.84314,0.71895,0.1557,0.93715,0.2628,0.74684,90
cht4deng0.bmp,1.19031,0.72024,0.79532,0.98246,0.19371,0.94492,0.31725,0.73717,90
cht4yi2.bmp,0.86495,0.63636,0.85926,1.54815,0.18657,0.92511,0.26259,0.82118,90
cht4zhi0.bmp,0.60529,0.92254,1.32979,1.51064,0.2527,0.95064,0.34238,0.82163,90
cht4xi0.bmp,0.97511,0.7027,0.93793,1.27586,0.2477,0.96014,0.40602,0.7364,90
cht4yu0.bmp,1.24273,0.80488,0.80645,1.05806,0.18057,0.95296,0.25029,0.79644,90
cht4de2.bmp,1.21421,0.63636,0.87582,1.22222,0.38167,0.96887,0.53389,0.78394,90
cht4shou2.bmp,0.97702,0.88889,0.81818,0.99351,0.28217,0.95718,0.38034,0.82701,90
cht4fei0.bmp,1.18768,0.83735,0.85714,1.03106,0.367,0.96081,0.51949,0.80092,90
cht4bian0.bmp,1.19613,0.87248,0.7378,0.90854,0.23075,0.9198,0.306,0.82614,90
cht4ren1.bmp,0.51227,0.76163,1.36842,1.81053,0.19899,0.97755,0.37793,0.78301,90
cht4yi0.bmp,0.89506,0.66197,0.72561,1.29878,0.25143,0.95165,0.36308,0.81087,90
cht4zhen0.bmp,1.1374,0.63981,0.80588,1.24118,0.20736,0.9625,0.35642,0.75201,90
cht4wei1.bmp,0.98803,0.78571,0.91139,1.06329,0.11349,0.86812,0.17361,0.77469,90
cht4xing2.bmp,0.99034,0.72189,0.89706,1.24265,0.15191,0.93688,0.23183,0.76191,90
cht4fang0.bmp,0.81682,0.76786,1.01538,1.29231,0.17754,0.94794,0.28529,0.75262,90
cht4liu0.bmp,0.55572,0.67935,1.31579,1.93684,0.17666,0.93608,0.26191,0.78851,90
cht4yi1.bmp,0.25253,0.85333,4.74074,5.55556,0.51728,0.98242,0.75906,0.88582,90
cht4huo0.bmp,1.24561,0.85897,0.69143,0.89143,0.36828,0.97142,0.54217,0.81939,90
cht4han0.bmp,1.06717,0.6954,0.7486,0.97207,0.25458,0.94831,0.38469,0.76057,90
cht4zi0.bmp,1.41734,1.3587,0.91724,0.63448,0.30813,0.97483,0.43424,0.79606,90
cht4yuan1.bmp,1.18375,0.81609,0.77707,1.10828,0.36417,0.96455,0.53747,0.80493,90
cht4de3.bmp,1.27899,0.71257,0.87417,1.10596,0.20149,0.92826,0.26929,0.79748,90
cht4jin0.bmp,0.51261,0.68421,0.95455,1.43939,0.14862,0.9433,0.29089,0.7308,90
cht4chong0.bmp,1.26848,0.89809,0.76923,0.86264,0.37685,0.96523,0.55337,0.77479,90
cht4zhe0.bmp,1.08746,0.73684,0.83537,1.15854,0.21118,0.9638,0.35979,0.73642,90
cht4jiu2.bmp,0.71004,0.71739,1.11321,1.73585,0.23136,0.97005,0.34428,0.79856,90
cht4dao0.bmp,1.14979,0.90909,0.91429,1.1,0.44617,0.9689,0.6148,0.82762,90
cht4ci2.bmp,0.98566,0.86184,1.26667,1.44762,0.28571,0.96209,0.37055,0.82924,90
cht4fa1.bmp,1.1927,0.88462,0.80537,1.04698,0.39481,0.97513,0.56225,0.79111,90
cht4wei0.bmp,1.44861,0.86897,0.73118,0.77957,0.42037,0.97067,0.61345,0.76902,90
cht4li0.bmp,1.06596,1.0885,1.15179,1.00893,0.4166,0.9679,0.49126,0.89048,90
cht4wei2.bmp,1.21937,0.84,0.77586,0.86207,0.31939,0.96041,0.48963,0.75092,90
cht4qi0.bmp,1.08862,0.67016,0.86184,1.25658,0.33529,0.97397,0.52745,0.75954,90
cht4shou1.bmp,0.90798,0.67347,0.93382,1.44118,0.27902,0.93794,0.39032,0.80724,90
cht4shi1.bmp,1.08185,0.9697,1.20721,1.18919,0.29201,0.98833,0.53555,0.71625,90
cht4ai0.bmp,1.00527,0.85065,0.7871,0.99355,0.21112,0.93093,0.27948,0.82509,90
cht4chu0.bmp,1.15887,0.88608,0.75316,1.0,0.32657,0.95351,0.45398,0.79422,90
cht4ren0.bmp,0.49176,0.66497,1.23585,1.85849,0.18523,0.97816,0.34993,0.78339,90
cht4nv0.bmp,0.6847,0.70745,1.23364,1.75701,0.22609,0.96367,0.36278,0.76367,90
cht4song0.bmp,0.89804,0.81169,0.96094,1.20312,0.39387,0.96799,0.52917,0.79343,90
cht4shu1.bmp,0.97348,0.74317,0.875,1.27083,0.18981,0.91636,0.25626,0.82027,90
cht4zhe1.bmp,1.07422,0.71123,0.85256,1.19872,0.23099,0.95665,0.36574,0.75317,90
cht4shao0.bmp,1.19532,1.2451,1.2069,0.87931,0.35822,0.97493,0.53261,0.77468,90
cht4shi0.bmp,1.11988,0.84375,0.68605,0.93023,0.24186,0.95287,0.36337,0.76823,90
cht4nai0.bmp,1.25984,1.15179,1.12598,0.88189,0.23242,0.95521,0.32257,0.83174,90
cht4shou0.bmp,0.96474,0.84615,0.81507,1.06849,0.28023,0.95846,0.40568,0.80266,90
cht4de1.bmp,0.96438,0.83429,0.74706,1.02941,0.432,0.96639,0.64186,0.779,90
cht4cheng0.bmp,1.13346,1.0458,0.79866,0.87919,0.15206,0.92224,0.25449,0.80078,90
cht4zhen1.bmp,1.09785,0.73514,0.91447,1.21711,0.19623,0.94684,0.32484,0.75608,90
cht4xing0.bmp,1.10054,0.73529,0.85417,1.18056,0.14101,0.93455,0.23073,0.74817,90
cht4dao2.bmp,1.21949,0.96575,0.88966,1.0069,0.27929,0.95072,0.37271,0.83423,90
cht4ci0.bmp,1.03291,0.85526,1.23148,1.40741,0.23261,0.95344,0.30766,0.82487,90
cht4dao1.bmp,1.10922,0.93878,0.9845,1.13953,0.28471,0.94973,0.39633,0.83048,90
cht4zhi2.bmp,0.57902,0.88667,1.22549,1.47059,0.24248,0.95113,0.33402,0.81344,90
cht4fu0.bmp,1.13741,0.86207,1.02521,1.21849,0.2858,0.94997,0.34988,0.85845,90
cht4jiu1.bmp,0.86049,0.94245,1.19231,1.33654,0.24889,0.96862,0.45261,0.78805,90
cht4xuan3.bmp,0.98508,0.84177,1.125,1.31667,0.31071,0.97171,0.44788,0.78272,90
cht4de5.bmp,1.19488,0.65761,0.82051,1.17949,0.23878,0.94714,0.33289,0.7819,90
cht4ri0.bmp,1.06266,1.44186,1.47778,0.95556,0.52313,0.98289,0.68732,0.8221,90
cht4jin1.bmp,0.53293,0.68912,0.976,1.544,0.15208,0.94834,0.29288,0.74991,90
cht4xuan1.bmp,0.95785,0.82099,1.016,1.296,0.28336,0.96796,0.40164,0.78798,90
cht4xuan0.bmp,0.9295,0.83951,1.09091,1.33884,0.30831,0.97205,0.44293,0.78388,90
cht4fu1.bmp,1.08243,0.76,0.86093,1.15894,0.30528,0.95287,0.41839,0.81033,90
cht4ren2.bmp,0.50324,0.67708,1.24272,1.86408,0.18611,0.97722,0.34876,0.78987,90
cht4jiu0.bmp,0.74511,0.75141,1.05505,1.62385,0.24968,0.97038,0.3587,0.80786,90
cht4zhi1.bmp,0.58707,0.93662,1.26263,1.43434,0.24008,0.95213,0.33043,0.80996,90
cht4ling0.bmp,1.10243,0.92701,0.8129,0.88387,0.34323,0.94016,0.39657,0.87655,90
cht4gao0.bmp,1.07533,1.02985,0.9078,0.95035,0.26328,0.93888,0.32669,0.83029,90
cht4shu0.bmp,1.05628,0.71038,0.89362,1.29787,0.22961,0.92961,0.31712,0.81387,90
cht4ci1.bmp,0.96038,0.86842,1.24762,1.44762,0.2552,0.95589,0.32082,0.83726,90
cht4sui0.bmp,1.20766,0.88535,0.77273,1.01948,0.32738,0.95302,0.44926,0.81863,90
cht4you1.bmp,1.04897,0.83234,0.92857,1.19286,0.32881,0.94702,0.41952,0.84655,90
cht4neng0.bmp,0.92382,0.71053,0.86429,1.35714,0.30739,0.95759,0.43076,0.80987,90
cht4wang1.bmp,0.90431,1.024,1.50575,1.43678,0.37467,0.97977,0.51339,0.82862,90
cht4zhou0.bmp,1.28949,1.06838,1.06061,0.88636,0.38947,0.96017,0.4785,0.87001,90
cht4niao0.bmp,1.24134,0.95,0.93706,0.97902,0.1522,0.89379,0.22711,0.78323,90
cht4jia0.bmp,1.05012,0.90435,0.94161,0.83942,0.33342,0.97524,0.59932,0.78361,90
cht4ling1.bmp,1.03364,0.89583,0.82667,0.96,0.3247,0.93371,0.37262,0.88197,90
cht4guo0.bmp,1.26407,0.68862,0.74286,0.95429,0.27283,0.9538,0.40484,0.77088,90
cht4qian0.bmp,1.37747,0.8156,0.97037,1.04444,0.18487,0.96855,0.35079,0.71611,90
cht4yuan0.bmp,1.25523,0.84756,0.7193,0.95906,0.46682,0.97474,0.69037,0.79648,90
cht4lu0.bmp,1.46447,0.98425,0.83007,0.83007,0.25279,0.93104,0.38351,0.75676,90
cht4lian0.bmp,1.22176,0.85093,0.85065,1.04545,0.30993,0.96128,0.41123,0.82205,90
cht4shou3.bmp,0.98745,0.89116,0.82313,1.0,0.31485,0.96021,0.41177,0.8316,90
cht4xuan2.bmp,0.89868,0.92029,0.9562,1.0073,0.34069,0.95542,0.40604,0.86273,90
cht4dao3.bmp,1.10039,0.91875,0.8141,1.02564,0.2901,0.95947,0.41596,0.81385,90
cht4fa0.bmp,1.01213,0.84277,0.89781,1.16058,0.37548,0.97277,0.54055,0.78242,90
cht4san0.bmp,0.49752,0.96403,1.53571,1.65476,0.2861,0.96834,0.4502,0.79806,90
cht4de4.bmp,1.29646,0.69767,0.8239,1.08176,0.36672,0.96696,0.51583,0.77524,90
cht4yue0.bmp,0.81303,0.71429,1.02256,1.47368,0.18018,0.95036,0.3003,0.74851,90
cht2xu0.bmp,1.13007,0.87324,1.01515,1.07576,0.80882,0.98204,0.92958,0.89738,90
cht2you0.bmp,0.87436,1.0,1.048,1.072,0.39552,0.96131,0.5612,0.78668,90
cht2shen1.bmp,0.97495,0.67836,0.73864,0.97159,0.32195,0.9724,0.4929,0.76204,90
cht2shang0.bmp,0.82879,1.00719,1.29293,1.40404,0.23966,0.96651,0.39403,0.79999,90
cht2gong1.bmp,0.89219,0.86395,0.90299,1.09701,0.1622,0.91263,0.23274,0.78499,90
cht2yin0.bmp,0.92429,0.82927,1.02344,1.28125,0.38324,0.96267,0.5183,0.81904,90
cht2yan0.bmp,0.86431,0.875,1.0315,1.19685,0.31455,0.94773,0.38344,0.85339,90
cht2suo0.bmp,0.68988,0.68263,1.12931,1.43966,0.3877,0.9722,0.55902,0.81857,90
cht2tai0.bmp,0.76788,0.84831,0.85034,1.21088,0.21029,0.9591,0.33159,0.79916,90
cht2sheng0.bmp,1.11582,1.07874,1.11207,1.09483,0.38223,0.98091,0.55136,0.81167,90
cht2tai1.bmp,0.86177,0.86286,0.82237,1.15132,0.22865,0.96404,0.36438,0.8044,90
cht2mu0.bmp,1.27571,1.575,1.18349,0.73394,0.59048,0.98311,0.70908,0.85504,90
cht2er0.bmp,0.66885,0.90714,1.40217,1.52174,0.39573,0.96995,0.49958,0.81957,90
cht2zhong0.bmp,1.2668,1.17822,0.84868,0.66447,0.17385,0.94067,0.28144,0.75124,90
cht2hui0.bmp,0.99524,0.5933,0.68817,1.12366,0.20265,0.93917,0.34516,0.76033,90
cht2yi2.bmp,0.73436,1.08,1.08257,1.14679,0.28972,0.96822,0.38087,0.8161,90
cht2ji0.bmp,0.92555,0.88679,0.82877,1.08904,0.25547,0.94166,0.34386,0.83912,90
cht2zhi0.bmp,0.60029,0.80488,1.17593,1.51852,0.28069,0.96269,0.3892,0.8085,90
cht2xiang0.bmp,1.14434,0.75,0.8,1.18621,0.26127,0.95549,0.43588,0.73873,90
cht2yu0.bmp,0.88504,1.06723,1.44578,1.43373,0.36782,0.97033,0.48857,0.84,90
cht2yi0.bmp,1.31639,0.81871,0.71271,0.94475,0.39383,0.96446,0.56283,0.80157,90
cht2zhen0.bmp,1.15522,0.66184,0.81437,1.23952,0.23635,0.96086,0.39192,0.75344,90
cht2qiong0.bmp,1.45919,0.70115,0.64398,0.91099,0.33788,0.96087,0.45424,0.81479,90
cht2fang0.bmp,1.38951,0.75568,0.79641,1.05389,0.24599,0.95731,0.40355,0.77982,90
cht2liu0.bmp,0.46608,0.7619,1.45977,1.93103,0.25308,0.9617,0.38405,0.7785,90
cht2ning0.bmp,0.8777,0.69072,0.81507,1.32877,0.40397,0.96205,0.5394,0.82675,90
cht2jing1.bmp,1.30146,0.7033,0.77193,1.06433,0.38584,0.96696,0.53983,0.78182,90
cht2nian0.bmp,1.52964,0.83688,0.6978,0.77473,0.23652,0.96727,0.38309,0.74615,90
cht2yi1.bmp,0.98766,1.0,1.42268,1.37113,0.30792,0.96484,0.35952,0.89141,90
cht2ji2.bmp,0.93752,0.73184,0.96212,1.35606,0.24082,0.94563,0.34968,0.79136,90
cht2huo0.bmp,0.73553,0.69652,0.85714,1.43571,0.22347,0.92564,0.33443,0.77558,90
cht2bao0.bmp,0.85881,0.72674,1.08403,1.44538,0.35243,0.96215,0.44445,0.82378,90
cht2zhu0.bmp,1.17668,0.6943,0.8,1.13529,0.22386,0.9525,0.33723,0.76069,90
cht2wu2.bmp,0.75062,0.71585,1.39362,1.94681,0.29293,0.97314,0.47777,0.80484,90
cht2jiang0.bmp,1.09192,0.66279,0.69512,1.04878,0.36054,0.96929,0.54074,0.76081,90
cht2zi0.bmp,1.34365,1.19608,0.93662,0.71831,0.3538,0.98,0.49951,0.78576,90
cht2ji1.bmp,1.01937,0.62255,0.7574,1.2071,0.31172,0.95921,0.44775,0.77216,90
cht2liu1.bmp,0.51721,0.72093,1.46512,2.0,0.30729,0.96791,0.43829,0.79633,90
cht2tong0.bmp,1.19492,0.89744,0.87671,1.06849,0.38336,0.96559,0.51751,0.83747,90
cht2zhe0.bmp,1.24153,0.79532,0.82716,1.05556,0.22941,0.95753,0.37468,0.73717,90
cht2dao0.bmp,1.11655,0.86667,0.84667,1.1,0.43855,0.97213,0.65538,0.80622,90
cht2gu0.bmp,0.85424,0.83333,1.02632,1.31579,0.25108,0.94343,0.3313,0.82493,90
cht2gan0.bmp,1.43258,0.8253,0.54167,0.76852,0.22901,0.94889,0.3832,0.8005,90
cht2dang0.bmp,1.01699,0.84211,0.85417,1.05556,0.40344,0.96682,0.59858,0.76542,90
cht2san1.bmp,0.49235,0.83019,1.34043,1.69149,0.26873,0.96764,0.43116,0.79623,90
cht2du0.bmp,1.02884,0.89189,0.95312,1.15625,0.32644,0.9693,0.46721,0.78443,90
cht2shang1.bmp,0.75805,0.85542,1.21698,1.56604,0.20766,0.9638,0.34833,0.79272,90
cht2gong2.bmp,0.90463,0.84,0.98438,1.17188,0.32523,0.96312,0.47429,0.77078,90
cht2hun0.bmp,0.77304,0.66848,1.06349,1.46032,0.3568,0.95762,0.48239,0.81167,90
cht2shou1.bmp,1.05925,0.80556,0.88356,0.9863,0.21062,0.94701,0.33566,0.74797,90
cht2shi1.bmp,1.06465,1.04688,0.95652,0.92754,0.31182,0.965,0.47975,0.79038,90
cht2chu0.bmp,0.94215,0.73529,0.87681,1.23188,0.17289,0.91587,0.2396,0.80468,90
cht2ren0.bmp,0.43117,0.66495,1.31633,1.97959,0.20784,0.97972,0.38704,0.79172,90
cht2yu4.bmp,1.43783,0.78035,0.77914,1.06135,0.17488,0.94985,0.24515,0.80298,90
cht2yu2.bmp,0.77968,0.77326,0.93333,1.27407,0.47242,0.97325,0.63569,0.81582,90
cht2zheng0.bmp,0.87675,1.32653,1.47619,1.16667,0.49059,0.98015,0.60137,0.85902,90
cht2wu1.bmp,1.13261,0.8255,0.96269,1.11194,0.15797,0.92335,0.21959,0.7872,90
cht2ye0.bmp,0.63126,0.79006,1.34783,1.96739,0.27759,0.9692,0.45328,0.77418,90
cht2shi0.bmp,0.98871,0.657,0.8375,1.29375,0.23942,0.96221,0.39428,0.77415,90
cht2nai0.bmp,1.18642,1.09091,1.07634,0.92366,0.2614,0.95984,0.33798,0.84826,90
cht2jie0.bmp,1.10508,0.89209,0.85621,0.9085,0.54563,0.96865,0.6579,0.84436,90
cht2xin0.bmp,0.67121,1.01418,1.62651,1.6988,0.23263,0.94042,0.32908,0.82015,90
cht2shou0.bmp,0.9268,0.95683,1.0,1.112,0.3446,0.95969,0.45233,0.83541,90
cht2cheng0.bmp,0.81974,0.66197,0.75723,1.23121,0.18519,0.93169,0.29466,0.77739,90
cht2gong0.bmp,0.95245,0.91429,0.90977,1.05263,0.24834,0.94047,0.34659,0.7903,90
cht2chen0.bmp,1.36367,0.76571,0.70048,0.84541,0.2477,0.94876,0.38107,0.8088,90
cht2zhen1.bmp,1.07104,0.72043,0.81646,1.17722,0.21454,0.95404,0.35535,0.75022,90
cht2qing0.bmp,1.36584,0.78107,0.73563,0.97126,0.24668,0.9501,0.35234,0.78123,90
cht2shen0.bmp,1.95931,1.09821,0.78698,0.66272,0.29472,0.96024,0.42808,0.7867,90
cht2si1.bmp,0.89039,0.93985,1.09483,1.14655,0.25982,0.92786,0.31208,0.86064,90
cht2yu5.bmp,0.97609,0.6738,0.72393,1.14724,0.28447,0.94894,0.43149,0.77063,90
cht2zao0.bmp,0.92247,0.77987,0.99248,1.19549,0.42474,0.95028,0.51449,0.83648,90
cht2jing2.bmp,0.95595,0.67568,0.89726,1.26712,0.47967,0.96208,0.5976,0.83395,90
cht2shi2.bmp,1.03243,0.99237,0.88489,0.94245,0.35716,0.96432,0.43686,0.85439,90
cht2he0.bmp,0.80014,0.68852,1.16964,1.63393,0.27042,0.96205,0.43707,0.76191,90
cht2wu0.bmp,0.69997,0.73864,1.36842,1.85263,0.33466,0.97627,0.50202,0.8125,90
cht2bei0.bmp,1.59124,0.80263,0.64039,0.74877,0.22017,0.94677,0.34346,0.75688,90
cht2shen2.bmp,1.04845,0.67836,0.68367,0.87245,0.30154,0.97245,0.4919,0.74907,90
cht2zhi2.bmp,0.61829,0.82716,1.07965,1.43363,0.19556,0.94384,0.27777,0.80503,90
cht2fu0.bmp,1.34673,0.76829,0.7716,1.01235,0.21089,0.94045,0.29549,0.78336,90
cht2lei0.bmp,1.30174,1.15094,0.91429,0.75714,0.23258,0.91173,0.26125,0.89374,90
cht2chang0.bmp,1.17367,0.68125,0.68889,0.88889,0.28286,0.96587,0.50383,0.73704,90
cht2zhi3.bmp,0.53285,0.88235,1.26,1.53,0.18588,0.93108,0.25718,0.8097,90
cht2lei1.bmp,1.31773,1.10619,0.89286,0.80714,0.20781,0.8998,0.23421,0.8918,90
cht2fu1.bmp,1.37574,0.64205,0.77143,1.00571,0.242,0.94784,0.3569,0.7637,90
cht2zhi1.bmp,0.56949,0.8239,1.24752,1.57426,0.27259,0.96327,0.39094,0.7979,90
cht2bu0.bmp,0.86647,0.83562,1.23077,1.40385,0.26897,0.9601,0.34199,0.84535,90
cht2fang1.bmp,0.93504,0.73714,0.9845,1.35659,0.31595,0.96295,0.46982,0.76571,90
cht2jing0.bmp,1.2688,0.68984,0.74566,1.08092,0.40517,0.96867,0.57749,0.77057,90
cht2yu1.bmp,1.44664,0.81928,0.8141,1.0641,0.14481,0.93578,0.21585,0.77276,90
cht2cun0.bmp,1.03116,0.80124,0.92617,1.08054,0.3204,0.9664,0.41225,0.82225,90
cht2you1.bmp,1.12957,0.85799,0.80645,1.09032,0.28357,0.95735,0.39223,0.81866,90
cht2kong0.bmp,0.85154,1.0,0.96094,1.02344,0.40124,0.9696,0.47725,0.86884,90
cht2neng0.bmp,1.11809,0.76471,0.93056,1.18056,0.20511,0.92936,0.27038,0.81084,90
cht2jia0.bmp,1.25843,1.13402,0.89855,0.7029,0.32904,0.97327,0.54552,0.79989,90
cht2si0.bmp,0.60164,0.91971,2.0,2.1746,0.48783,0.9702,0.60327,0.86831,90
cht2zhuo0.bmp,1.01009,0.81046,1.05263,1.15038,0.63305,0.97136,0.7366,0.86077,90
cht2mo0.bmp,0.82065,0.85235,0.9685,1.17323,0.11708,0.81557,0.14638,0.85258,90
cht2hao0.bmp,1.35814,0.8662,0.66292,0.79775,0.30563,0.96532,0.43555,0.77576,90
cht2yu3.bmp,0.8264,1.08333,1.5641,1.53846,0.42553,0.97246,0.56601,0.84075,90
cht2shang2.bmp,0.74266,0.91613,1.2381,1.47619,0.21539,0.96618,0.36408,0.79329,90
cht2san0.bmp,1.05627,0.58744,0.85526,1.46711,0.24087,0.95527,0.37366,0.77555,90
cht5yao0.bmp,1.05629,0.65366,0.73333,1.13889,0.25347,0.94802,0.39744,0.75335,90
cht5de0.bmp,1.10878,0.71676,0.93617,1.22695,0.28108,0.94867,0.38877,0.78892,90
cht5xu0.bmp,1.07627,0.7052,0.80263,1.13816,0.24175,0.94584,0.35481,0.76838,90
cht5wei3.bmp,1.03243,0.77914,0.95035,1.15603,0.18971,0.93067,0.27934,0.76803,90
cht5ping0.bmp,1.18272,0.62712,0.81529,1.12739,0.16728,0.95294,0.29669,0.72195,90
cht5zhe3.bmp,1.05454,0.75138,0.88,1.20667,0.19525,0.95828,0.34271,0.72853,90
cht5you0.bmp,0.80679,1.07317,1.20952,1.17143,0.41107,0.96103,0.5465,0.80757,90
cht5wang0.bmp,0.90406,1.08403,1.51136,1.35227,0.41382,0.98247,0.55508,0.831,90
cht5yin0.bmp,1.14624,1.32979,1.20183,0.86239,0.54846,0.97225,0.64436,0.86552,90
cht5zai0.bmp,0.96701,0.83436,1.0,1.14789,0.28275,0.97099,0.46369,0.80209,90
cht5shao1.bmp,1.37167,0.86986,0.87582,0.95425,0.28566,0.97688,0.60306,0.74165,90
cht5yan0.bmp,0.92464,0.81707,1.00752,1.23308,0.06849,0.81469,0.10966,0.75978,90
cht5shan0.bmp,1.10767,1.36275,1.21569,1.0,0.32223,0.97709,0.47794,0.80137,90
cht5suo0.bmp,0.90359,0.8,1.11017,1.22881,0.23025,0.9429,0.31947,0.81435,90
cht5ren3.bmp,0.59321,0.79769,1.21495,1.61682,0.19994,0.97886,0.3651,0.77395,90
cht5tai0.bmp,1.34938,0.95652,0.71345,0.80702,0.37359,0.96408,0.52628,0.80607,90
cht5zhao0.bmp,0.95027,0.65686,0.91724,1.4069,0.32236,0.96347,0.46889,0.79466,90
cht5er0.bmp,0.87692,0.89041,1.01695,1.23729,0.36786,0.96511,0.46153,0.8638,90
cht5zhong0.bmp,1.33259,1.06306,0.78313,0.66867,0.14474,0.94191,0.26281,0.73427,90
cht5you2.bmp,0.79436,0.84516,1.16514,1.42202,0.27502,0.9756,0.40089,0.81382,90
cht5yi2.bmp,0.28443,0.94074,4.74074,5.0,0.47627,0.98074,0.75266,0.87686,90
cht5bo0.bmp,0.88328,0.90972,1.19266,1.3211,0.20273,0.92541,0.26455,0.81898,90
cht5yu0.bmp,1.3133,0.86395,0.8239,0.92453,0.4228,0.96338,0.53724,0.84561,90
cht5shou2.bmp,1.16445,0.8253,0.8038,1.05063,0.22125,0.93659,0.29866,0.81079,90
cht5ren1.bmp,0.52203,0.69948,1.15315,1.73874,0.21103,0.98142,0.39184,0.7831,90
cht5yi0.bmp,0.787,0.76923,1.19626,1.57944,0.11196,0.88684,0.17387,0.75931,90
cht5zhen0.bmp,0.99998,0.58929,0.81928,1.3494,0.23724,0.96424,0.39089,0.75398,90
cht5fan0.bmp,0.87314,0.9026,0.86713,1.07692,0.2881,0.95547,0.38594,0.81457,90
cht5wei1.bmp,0.7127,0.5782,0.98462,1.62308,0.41619,0.95582,0.51397,0.84411,90
cht5wei4.bmp,0.76806,0.59716,0.94737,1.58647,0.43105,0.96508,0.55406,0.83589,90
cht5liao0.bmp,1.18669,0.875,0.72781,0.94675,0.6024,0.97759,0.83201,0.81815,90
cht5fang0.bmp,0.77306,0.72727,1.0,1.36434,0.20675,0.95731,0.3389,0.74921,90
cht5liu0.bmp,0.49711,0.80503,1.43182,1.80682,0.22005,0.94174,0.31383,0.79406,90
cht5fu4.bmp,1.0422,0.61538,0.84118,1.07059,0.2302,0.95318,0.37574,0.75007,90
cht5yi1.bmp,0.20817,0.8141,6.04762,7.42857,0.61889,0.9806,0.82553,0.9181,90
cht5huo0.bmp,1.15243,0.81325,0.68333,0.92222,0.13891,0.92644,0.23227,0.79087,90
cht5han0.bmp,1.2562,0.85034,0.83333,0.90741,0.74952,0.97964,0.86407,0.86511,90
cht5nv1.bmp,0.59209,0.70256,1.27723,1.93069,0.22176,0.96079,0.35623,0.77149,90
cht5zhu0.bmp,0.9233,0.63182,0.83636,1.33333,0.28431,0.95747,0.43827,0.76393,90
cht5cheng1.bmp,0.85554,0.73684,0.74847,1.16564,0.20462,0.95041,0.29359,0.80749,90
cht5jun0.bmp,1.11236,0.72109,0.73054,0.88024,0.26019,0.95183,0.35862,0.82194,90
cht5jiang0.bmp,1.2993,0.77778,0.80272,1.10204,0.21832,0.93596,0.29359,0.7937,90
cht5yun0.bmp,0.69176,1.0,1.28155,1.31068,0.30446,0.96626,0.41707,0.79394,90
cht5zi0.bmp,1.3578,1.51807,1.03906,0.64844,0.31909,0.97263,0.42609,0.80996,90
cht5guo1.bmp,1.23406,0.70732,0.73743,0.9162,0.28713,0.95777,0.41863,0.77661,90
cht5yang0.bmp,1.20171,0.88667,0.75974,0.97403,0.28494,0.94259,0.38799,0.79774,90
cht5liu1.bmp,1.31882,0.86207,0.88387,0.93548,0.37617,0.95458,0.46351,0.87477,90
cht5jin0.bmp,0.50172,0.62264,0.93077,1.63077,0.19439,0.9629,0.37333,0.75809,90
cht5zhe0.bmp,1.1036,0.75978,0.87417,1.18543,0.23445,0.96034,0.37935,0.74651,90
cht5dao0.bmp,1.17451,0.8125,0.81132,1.10692,0.29001,0.96208,0.4178,0.8027,90
cht5ye1.bmp,0.82796,0.74731,0.92623,1.52459,0.25778,0.97295,0.45825,0.75722,90
cht5nan0.bmp,1.11385,1.08397,0.83439,0.83439,0.39432,0.97012,0.55639,0.79414,90
cht5ci2.bmp,0.94234,0.83871,1.30392,1.51961,0.28722,0.96197,0.3618,0.83471,90
cht5dan1.bmp,0.66845,1.01639,1.62821,1.5641,0.33691,0.96427,0.45424,0.83798,90
cht5wei0.bmp,0.70443,0.60577,1.075,1.73333,0.30371,0.94299,0.39451,0.82735,90
cht5li0.bmp,1.38901,1.03252,0.81818,0.7987,0.24757,0.95243,0.39426,0.74312,90
cht5xue0.bmp,1.10531,0.81633,0.71098,0.84971,0.33622,0.95577,0.47491,0.77231,90
cht5gai0.bmp,0.85122,0.69149,0.94286,1.34286,0.28387,0.94263,0.38617,0.8039,90
cht5wei2.bmp,1.24673,0.75904,0.96992,1.24812,0.2002,0.92252,0.2831,0.80584,90
cht5xiao0.bmp,1.04557,0.78035,0.8806,1.29104,0.08617,0.82945,0.12571,0.80197,90
cht5lu1.bmp,1.10342,0.97222,0.77215,0.91139,0.28382,0.95442,0.38698,0.8167,90
cht5ci4.bmp,1.05262,0.85714,1.29126,1.49515,0.24291,0.95159,0.32212,0.82495,90
cht5ming0.bmp,1.12119,0.91241,1.056,1.096,0.46835,0.96263,0.57271,0.87044,90
cht5qi0.bmp,1.04008,0.64824,0.9,1.32667,0.10563,0.89641,0.16103,0.77214,90
cht5du0.bmp,1.18781,0.81818,0.79167,0.98214,0.20474,0.9419,0.31313,0.82327,90
cht5ru0.bmp,0.59331,0.79878,1.36957,1.78261,0.22919,0.97865,0.40028,0.82573,90
cht5hun0.bmp,1.20716,0.69079,0.77647,0.89412,0.32223,0.96149,0.43253,0.81244,90
cht5zhe4.bmp,1.13435,0.78736,0.84177,1.10127,0.21439,0.95082,0.32981,0.75709,90
cht5dan0.bmp,0.59943,0.83784,1.53571,1.7619,0.47784,0.97771,0.63531,0.83887,90
cht5jian0.bmp,1.12759,0.77059,0.85211,1.19718,0.28606,0.96982,0.39902,0.8141,90
cht5di0.bmp,1.4289,0.88321,0.68889,0.76111,0.20523,0.94559,0.33625,0.73857,90
cht5zhao1.bmp,1.08014,0.68116,0.80606,1.25455,0.25187,0.95731,0.37223,0.7922,90
cht5shou1.bmp,0.90018,0.91156,0.88489,1.05755,0.34572,0.96154,0.44637,0.83335,90
cht5zi1.bmp,1.19868,1.36957,1.04688,0.71875,0.3114,0.97461,0.43361,0.79967,90
cht5shi1.bmp,1.07831,1.17526,1.11966,0.82906,0.23028,0.97237,0.51701,0.76317,90
cht5ai0.bmp,1.02321,0.8323,0.81757,1.08784,0.25208,0.94018,0.33796,0.82387,90
cht5chu0.bmp,1.23061,0.77778,0.73214,1.01786,0.32637,0.96353,0.43236,0.80999,90
cht5ren0.bmp,0.45093,0.71667,1.47674,2.09302,0.20914,0.97845,0.40041,0.77889,90
cht5nv0.bmp,0.56711,0.6802,1.36842,2.07368,0.2346,0.96365,0.36932,0.7769,90
cht5zhe1.bmp,1.13361,0.82249,0.88,1.12667,0.23913,0.95836,0.38034,0.74919,90
cht5shao0.bmp,1.06637,1.20561,1.24074,0.99074,0.39079,0.97447,0.59351,0.76401,90
cht5zai1.bmp,1.13855,0.73099,0.89024,1.04268,0.16897,0.95649,0.33411,0.76734,90
cht5bie0.bmp,1.67809,0.95455,0.94,0.88,0.3422,0.96639,0.47213,0.84643,90
cht5yun1.bmp,0.82572,1.31313,1.38298,1.05319,0.4034,0.9698,0.48473,0.84691,90
cht5ye0.bmp,0.68321,0.75275,1.19608,1.78431,0.27087,0.96805,0.46947,0.76622,90
cht5hu0.bmp,0.93144,0.93571,0.96183,1.0687,0.00859,-1.43117,0.01186,0.79701,90
cht5dong0.bmp,1.49315,0.94366,0.72254,0.82081,0.2305,0.95697,0.37138,0.76509,90
cht5shi0.bmp,1.03167,0.91139,0.78431,1.03268,0.20981,0.95968,0.33746,0.80057,90
cht5jie0.bmp,1.17981,0.74834,0.8129,0.97419,0.41876,0.96817,0.56483,0.80756,90
cht5ye2.bmp,0.59102,0.74444,1.34444,2.0,0.28108,0.97214,0.47194,0.77495,90
cht5shou0.bmp,0.9928,0.72589,0.70833,1.17262,0.25527,0.95419,0.37822,0.80111,90
cht5cheng0.bmp,0.7974,0.60748,0.76301,1.23699,0.25804,0.95186,0.41409,0.77644,90
cht5hua0.bmp,1.14347,0.61979,0.73913,1.04348,0.26679,0.96483,0.44118,0.73522,90
cht5ye3.bmp,0.65696,0.73626,1.18182,1.83838,0.27542,0.9713,0.45293,0.76543,90
cht5zhen1.bmp,1.14396,0.72539,0.83544,1.22152,0.18691,0.94875,0.33074,0.75401,90
cht5qing0.bmp,1.35408,0.84076,0.75,0.93452,0.17673,0.92312,0.24326,0.79386,90
cht5zhou2.bmp,1.50769,0.97744,1.13223,1.09917,0.26247,0.93931,0.32055,0.8699,90
cht5dao2.bmp,1.26649,0.89873,0.80124,0.98137,0.37578,0.96179,0.53725,0.81728,90
cht5zhe2.bmp,1.11707,0.74737,0.8012,1.14458,0.21384,0.95648,0.34358,0.75565,90
cht5zhou1.bmp,1.32784,1.11304,1.07087,0.90551,0.34238,0.95497,0.45348,0.84268,90
cht5ci0.bmp,0.89498,0.82692,1.32323,1.57576,0.27584,0.9648,0.35462,0.83602,90
cht5hao1.bmp,0.77247,0.71667,1.14167,1.5,0.29836,0.96185,0.40593,0.80121,90
cht5shi2.bmp,1.13506,1.09524,0.94815,0.93333,0.25611,0.95624,0.39789,0.78256,90
cht5he0.bmp,1.30858,0.83688,0.91034,0.97241,0.1024,0.85074,0.13865,0.81911,90
cht5ci3.bmp,1.06581,0.86667,1.25234,1.40187,0.25193,0.95616,0.32214,0.83864,90
cht5dao1.bmp,1.13957,0.875,0.8543,1.0596,0.45389,0.97224,0.63378,0.81038,90
cht5zou0.bmp,1.10342,0.77174,0.84667,1.22667,0.20371,0.95799,0.34801,0.76761,90
cht5jia1.bmp,1.19982,0.91241,0.7929,0.81065,0.21436,0.91178,0.25894,0.84752,90
cht5ye4.bmp,0.71156,0.83851,1.15534,1.56311,0.24441,0.96653,0.37332,0.7688,90
cht5fu0.bmp,1.02406,1.01399,0.87681,1.03623,0.24126,0.97555,0.41807,0.79339,90
cht5wang2.bmp,1.05423,1.14783,1.37634,1.23656,0.34156,0.97919,0.47877,0.82819,90
cht5kuang0.bmp,0.80222,0.83553,1.21296,1.40741,0.32508,0.96433,0.44264,0.8017,90
cht5chang0.bmp,1.36549,0.72789,0.66848,0.79891,0.26725,0.96108,0.47652,0.74103,90
cht5men0.bmp,1.3722,1.0625,1.06349,0.88889,0.45908,0.97168,0.52613,0.89486,90
cht5fu1.bmp,0.81739,0.59694,0.93197,1.33333,0.25338,0.9602,0.39921,0.75942,90
cht5ren2.bmp,0.48831,0.72626,1.35789,1.88421,0.19268,0.97651,0.35558,0.78627,90
cht5ling0.bmp,1.04141,0.78286,0.72393,1.07362,0.32619,0.96358,0.46781,0.80845,90
cht5qi2.bmp,1.1288,0.7191,0.92414,1.22759,0.11647,0.85151,0.16105,0.81613,90
cht5qi3.bmp,1.18916,0.69519,0.93007,1.30769,0.05235,0.77787,0.08343,0.75857,90
cht5ci1.bmp,1.28705,0.86093,0.98551,1.0942,0.31428,0.95751,0.38544,0.86478,90
cht5chu1.bmp,0.83277,0.77019,1.04132,1.33058,8e-05,-1538.9831,0.0001,0.86689,90
cht5jing0.bmp,1.29369,0.67179,0.69189,1.05405,0.28446,0.95478,0.40437,0.77742,90
cht5yu1.bmp,0.9645,0.86897,0.95489,1.09023,0.35779,0.94547,0.4608,0.83697,90
cht5you1.bmp,0.6419,0.77647,1.24752,1.68317,0.25812,0.97592,0.37194,0.82318,90
cht5wang1.bmp,0.93687,1.00787,1.41111,1.41111,0.37738,0.98169,0.51272,0.83781,90
cht5hou0.bmp,0.98536,0.7037,0.90647,1.35971,0.2864,0.95933,0.42657,0.79049,90
cht5zhou0.bmp,1.34377,0.8239,0.94,1.06,0.42893,0.96588,0.50017,0.90098,90
cht5jia0.bmp,1.22944,1.21739,0.98438,0.71875,0.34851,0.97358,0.57803,0.79373,90
cht5si0.bmp,1.28739,1.50588,1.26415,0.80189,0.44945,0.96595,0.55253,0.84717,90
cht5fu3.bmp,1.50211,0.69663,0.75145,1.0289,0.36889,0.96803,0.54734,0.75769,90
cht5guo0.bmp,1.36642,0.64535,0.71429,0.91005,0.25618,0.95768,0.40032,0.76323,90
cht5yang1.bmp,1.21257,0.85526,0.78481,0.96203,0.45134,0.96566,0.62459,0.78359,90
cht5fu2.bmp,1.29427,0.84564,0.79618,0.94904,0.19546,0.92281,0.28062,0.7669,90
cht5qian0.bmp,1.20226,0.7622,0.7052,0.94798,0.12926,0.84908,0.16258,0.81715,90
cht5yan1.bmp,0.84083,0.67358,0.97059,1.41912,0.1874,0.94961,0.30863,0.75683,90
cht5lu0.bmp,1.52799,0.96992,0.84314,0.86928,0.10482,0.82618,0.16475,0.74896,90
cht5lian0.bmp,1.15929,0.83133,0.7764,1.03106,0.32749,0.96361,0.4708,0.79719,90
cht5hao0.bmp,0.76149,0.68254,1.00741,1.4,0.29197,0.96475,0.39196,0.81083,90
cht5fa0.bmp,1.13401,0.89744,0.79739,1.01961,0.3365,0.96965,0.4887,0.7835,90
cht5qi1.bmp,0.99976,0.72067,0.96377,1.2971,0.36121,0.96301,0.47264,0.83493,90
cht5yue0.bmp,0.91267,0.72021,1.00763,1.47328,0.24667,0.96503,0.40163,0.75128,90
mj2xu0.bmp,1.27887,0.8255,0.93377,0.98675,0.47611,0.97059,0.55363,0.88927,100
mj2you0.bmp,0.82428,0.90066,0.93662,1.06338,0.50788,0.97273,0.71682,0.79181,100
mj2shen1.bmp,0.80723,0.56186,0.65128,0.99487,0.25801,0.9677,0.40844,0.75089,100
mj2shang0.bmp,0.79358,0.88679,1.09244,1.33613,0.24782,0.9787,0.38204,0.80078,100
mj2gong1.bmp,1.00061,0.79375,0.81879,1.07383,0.3311,0.96319,0.47359,0.7876,100
mj2yin0.bmp,0.97853,0.83735,0.98551,1.2029,0.38506,0.96334,0.47808,0.85414,100
mj2yan0.bmp,0.83902,0.81366,0.95683,1.15827,0.32057,0.94839,0.37174,0.86497,100
mj2suo0.bmp,0.72678,0.66667,1.04762,1.35714,0.21967,0.93709,0.29779,0.83458,100
mj2tai0.bmp,0.7743,0.75248,0.80745,1.25466,0.23475,0.97746,0.38196,0.76925,100
mj2sheng0.bmp,1.22183,1.02273,1.07087,1.03937,0.38824,0.98396,0.56633,0.81903,100
mj2tai1.bmp,0.85607,0.78788,0.72159,1.125,0.21895,0.97588,0.36098,0.78787,100
mj2mu0.bmp,1.34702,1.19417,0.92908,0.7305,0.56417,0.98593,0.71731,0.84001,100
mj2er0.bmp,0.61461,0.84967,1.29293,1.54545,0.3604,0.96707,0.46243,0.81556,100
mj2zhong0.bmp,0.92519,0.96774,0.8012,0.74699,0.09284,0.89095,0.15829,0.73687,100
mj2hui0.bmp,1.06319,0.55963,0.59615,1.04808,0.24525,0.94924,0.4003,0.77133,100
mj2yi2.bmp,0.7719,1.01481,0.952,1.08,0.29378,0.97911,0.40517,0.79826,100
mj2ji0.bmp,0.83615,0.78142,0.81529,1.16561,0.55652,0.97303,0.76989,0.82454,100
mj2zhi0.bmp,0.52981,0.77966,1.05128,1.51282,0.18555,0.94575,0.27446,0.79551,100
mj2xiang0.bmp,1.36019,0.68478,0.6988,1.10843,0.25337,0.95462,0.4255,0.73384,100
mj2yu0.bmp,1.03757,1.05691,1.30108,1.32258,0.39322,0.97408,0.54176,0.81486,100
mj2yi0.bmp,1.5698,0.73889,0.65174,0.89552,0.38427,0.96298,0.54462,0.81356,100
mj2zhen0.bmp,1.28325,0.5885,0.7809,1.26966,0.2081,0.95569,0.34648,0.75677,100
mj2qiong0.bmp,1.6184,0.69061,0.55656,0.819,0.30893,0.95037,0.43764,0.7964,100
mj2fang0.bmp,1.55017,0.74576,0.68421,0.93158,0.20452,0.94652,0.33938,0.77154,100
mj2liu0.bmp,0.53836,0.64103,1.26733,1.93069,0.15682,0.92702,0.24188,0.77509,100
mj2ning0.bmp,0.80298,0.62441,0.78289,1.40132,0.30757,0.94499,0.39106,0.84345,100
mj2jing1.bmp,1.31053,0.64583,0.67708,1.0,0.36125,0.96684,0.5126,0.77664,100
mj2nian0.bmp,1.58244,0.78,0.64356,0.74257,0.23102,0.96465,0.3614,0.76133,100
mj2yi1.bmp,0.99876,0.84516,1.28302,1.46226,0.22873,0.95781,0.27167,0.87691,100
mj2ji2.bmp,0.95148,0.67347,0.89437,1.38028,0.28007,0.95572,0.40266,0.78935,100
mj2huo0.bmp,0.84474,0.65888,0.75974,1.38961,0.09604,0.83574,0.14445,0.77671,100
mj2bao0.bmp,0.92369,0.67598,0.97101,1.2971,0.33301,0.96312,0.42464,0.81689,100
mj2zhu0.bmp,1.36894,0.60849,0.73438,1.10417,0.19766,0.95142,0.32488,0.73428,100
mj2wu2.bmp,0.75738,0.64677,1.26606,1.84404,0.30912,0.97822,0.47488,0.81063,100
mj2jiang0.bmp,1.0103,0.57672,0.6087,1.02717,0.22333,0.95313,0.34555,0.75167,100
mj2zi0.bmp,1.47411,1.14679,0.83125,0.68125,0.36849,0.98266,0.51812,0.79766,100
mj2ji1.bmp,1.12614,0.57674,0.69681,1.14362,0.36184,0.96848,0.53237,0.76428,100
mj2liu1.bmp,0.54441,0.65591,1.31633,1.89796,0.28432,0.96749,0.41334,0.79192,100
mj2tong0.bmp,1.14247,0.80791,0.82803,1.12739,0.41095,0.96862,0.55688,0.83685,100
mj2zhe0.bmp,1.31751,0.74595,0.76111,1.02778,0.23623,0.96127,0.38556,0.73349,100
mj2dao0.bmp,1.24264,0.79444,0.8,1.09091,0.26524,0.95532,0.38935,0.81047,100
mj2gu0.bmp,0.76706,0.75,0.95161,1.32258,0.20068,0.93064,0.25235,0.84182,100
mj2gan0.bmp,1.3605,0.78409,0.51542,0.77533,0.26307,0.95005,0.41644,0.80504,100
mj2dang0.bmp,1.06768,0.76163,0.74233,1.05521,0.26657,0.94569,0.40041,0.76022,100
mj2san1.bmp,0.42069,0.73743,1.22642,1.68868,0.21624,0.9657,0.34968,0.79261,100
mj2du0.bmp,0.99727,0.82099,0.91791,1.20896,0.31961,0.96974,0.45506,0.79573,100
mj2shang1.bmp,0.67498,0.83708,1.05645,1.43548,0.19978,0.96426,0.3218,0.79271,100
mj2gong2.bmp,1.0084,0.81699,0.83108,1.03378,0.33687,0.95975,0.47805,0.78949,100
mj2hun0.bmp,0.73959,0.59314,0.99259,1.51111,0.36554,0.9598,0.47543,0.83156,100
mj2shou1.bmp,1.12091,0.73856,0.80745,0.95031,0.21895,0.95059,0.34761,0.7495,100
mj2shi1.bmp,1.27507,1.0,0.87013,0.88312,0.24704,0.95774,0.38673,0.78481,100
mj2chu0.bmp,0.9826,0.62564,0.80405,1.31757,0.30033,0.95329,0.4193,0.80001,100
mj2ren0.bmp,0.42147,0.62381,1.22222,1.94444,0.19588,0.97966,0.3772,0.77802,100
mj2yu4.bmp,1.21263,0.73446,0.65556,0.98333,0.13343,0.93302,0.18753,0.78921,100
mj2yu2.bmp,0.79136,0.72928,0.89209,1.30216,0.32927,0.95594,0.42888,0.82785,100
mj2zheng0.bmp,0.93116,1.21905,1.27835,1.08247,0.49303,0.98262,0.61967,0.85128,100
mj2wu1.bmp,1.21735,0.77987,0.87333,1.06,0.09807,0.88945,0.13894,0.78499,100
mj2ye0.bmp,0.61295,0.63636,1.19388,2.02041,0.28551,0.96669,0.46915,0.77927,100
mj2shi0.bmp,1.05755,0.58228,0.75706,1.33898,0.1018,0.90052,0.17053,0.76508,100
mj2nai0.bmp,1.43137,1.04651,0.93506,0.83766,0.22408,0.95668,0.29464,0.84112,100
mj2jie0.bmp,1.24303,0.83333,0.83832,0.86228,0.57518,0.96886,0.69632,0.83429,100
mj2xin0.bmp,0.68512,0.88535,1.57471,1.8046,0.28102,0.95016,0.37655,0.82665,100
mj2shou0.bmp,0.92976,0.78659,0.87324,1.15493,0.32098,0.96133,0.44732,0.80752,100
mj2cheng0.bmp,0.78893,0.60515,0.69588,1.20103,0.15844,0.91672,0.25196,0.77596,100
mj2gong0.bmp,1.10854,0.87248,0.80519,0.96753,0.47492,0.9734,0.66365,0.79023,100
mj2chen0.bmp,1.63512,0.7234,0.68103,0.81034,0.286,0.95902,0.43792,0.81442,100
mj2zhen1.bmp,1.17284,0.63084,0.75439,1.25146,0.21411,0.96261,0.35983,0.75061,100
mj2qing0.bmp,1.48521,0.76744,0.68449,0.91979,0.35893,0.96905,0.50587,0.78491,100
mj2shen0.bmp,1.90547,0.90977,0.70213,0.70745,0.2373,0.94711,0.35209,0.79055,100
mj2si1.bmp,0.92348,0.89209,1.00794,1.10317,0.35029,0.94774,0.40657,0.87946,100
mj2yu5.bmp,0.98277,0.57212,0.62032,1.1123,0.30387,0.95849,0.46338,0.76971,100
mj2zao0.bmp,0.93456,0.72353,0.84314,1.11111,0.38687,0.94954,0.47713,0.82705,100
mj2jing2.bmp,0.91643,0.61951,0.81875,1.28125,0.30904,0.94956,0.39941,0.82103,100
mj2shi2.bmp,1.02251,0.84106,0.79605,0.99342,0.32618,0.96627,0.4046,0.84109,100
mj2he0.bmp,0.81542,0.59512,1.0813,1.66667,0.13811,0.90741,0.22504,0.76211,100
mj2wu0.bmp,0.72175,0.67692,1.20183,1.78899,0.34411,0.98021,0.52081,0.80803,100
mj2bei0.bmp,1.74381,0.75316,0.57872,0.67234,0.21536,0.94438,0.33126,0.76573,100
mj2shen2.bmp,0.89752,0.57292,0.57944,0.8972,0.27687,0.96964,0.44526,0.75005,100
mj2zhi2.bmp,0.62306,0.7929,1.00826,1.39669,0.24417,0.96203,0.34991,0.80519,100
mj2fu0.bmp,1.37779,0.74405,0.70391,0.93855,0.27715,0.9584,0.39008,0.77926,100
mj2lei0.bmp,1.27716,0.96,0.83007,0.81699,0.33566,0.94704,0.38792,0.88542,100
mj2chang0.bmp,1.12138,0.59884,0.60591,0.84729,0.26519,0.96335,0.47137,0.73959,100
mj2zhi3.bmp,0.53348,0.80952,1.08929,1.5,0.22332,0.94262,0.31523,0.8057,100
mj2lei1.bmp,1.30647,0.975,0.80892,0.76433,0.24618,0.92497,0.27452,0.89555,100
mj2fu1.bmp,1.3349,0.56784,0.71579,1.04737,0.2091,0.93666,0.31357,0.75723,100
mj2zhi1.bmp,0.50173,0.79191,1.08696,1.50435,0.20895,0.95148,0.3097,0.79912,100
mj2bu0.bmp,0.8934,0.76101,1.10345,1.37069,0.35895,0.97946,0.44131,0.85369,100
mj2fang1.bmp,0.9722,0.6738,0.83221,1.25503,0.28967,0.96438,0.44403,0.75334,100
mj2jing0.bmp,1.28713,0.62621,0.7095,1.15084,0.4005,0.96913,0.5612,0.77603,100
mj2yu1.bmp,1.27541,0.75275,0.69492,1.02825,0.15411,0.94943,0.23765,0.7613,100
mj2cun0.bmp,1.12659,0.74857,0.86585,1.06707,0.28437,0.96333,0.37143,0.8141,100
mj2you1.bmp,1.05691,0.8232,0.73295,1.02841,0.36216,0.96621,0.49921,0.8192,100
mj2kong0.bmp,0.8846,0.88966,0.87681,1.05072,0.2909,0.95662,0.35032,0.8598,100
mj2neng0.bmp,1.15677,0.65803,0.87097,1.24516,0.38693,0.96398,0.50008,0.81896,100
mj2jia0.bmp,0.96338,0.83607,0.87755,0.82993,0.27808,0.96578,0.47741,0.79962,100
mj2si0.bmp,0.60817,0.8129,1.74324,2.09459,0.57188,0.97175,0.69553,0.86896,100
mj2zhuo0.bmp,1.05752,0.76364,0.95918,1.12245,0.48798,0.96276,0.58227,0.84524,100
mj2mo0.bmp,0.89209,0.82432,0.84507,1.04225,0.15719,0.86694,0.19311,0.86868,100
mj2hao0.bmp,1.47642,0.79221,0.62632,0.81053,0.27098,0.95924,0.3778,0.78166,100
mj2yu3.bmp,0.99729,1.05738,1.32222,1.35556,0.3888,0.97383,0.5231,0.8438,100
mj2shang2.bmp,0.84287,0.82558,1.08065,1.3871,0.19481,0.96446,0.328,0.78678,100
mj2san0.bmp,1.09477,0.59729,0.78528,1.35583,0.19807,0.92993,0.29258,0.78243,100
mj5yao0.bmp,1.1099,0.58667,0.67513,1.14213,0.21277,0.93462,0.33577,0.75836,100
mj5de0.bmp,1.06685,0.63978,0.85806,1.2,0.33363,0.95805,0.45501,0.79332,100
mj5xu0.bmp,1.06384,0.59048,0.71515,1.27273,0.23795,0.94791,0.3532,0.77074,100
mj5wei3.bmp,1.14599,0.73295,0.88667,1.17333,0.26273,0.95316,0.38355,0.77163,100
mj5ping0.bmp,1.30434,0.60656,0.73224,1.0,0.18923,0.96203,0.34085,0.71702,100
mj5zhe3.bmp,1.1113,0.665,0.76879,1.15607,0.21039,0.95797,0.36259,0.73003,100
mj5you0.bmp,0.83467,0.9635,0.97727,1.03788,0.53083,0.97358,0.7116,0.80914,100
mj5wang0.bmp,0.92116,1.0,1.34343,1.30303,0.45662,0.98634,0.59862,0.84048,100
mj5yin0.bmp,1.0935,1.0885,1.125,0.94167,0.58031,0.97949,0.68408,0.86445,100
mj5zai0.bmp,1.06916,0.65803,0.78571,1.06044,0.16669,0.95767,0.30105,0.77484,100
mj5shao1.bmp,1.13552,0.7546,0.80982,1.0,0.19536,0.9635,0.40393,0.74816,100
mj5yan0.bmp,1.08985,0.69271,0.93878,1.30612,0.15652,0.92932,0.24791,0.76545,100
mj5shan0.bmp,1.07059,1.1913,1.125,1.02679,0.32997,0.97923,0.46933,0.80747,100
mj5suo0.bmp,0.86248,0.71166,1.03968,1.29365,0.22936,0.94307,0.30722,0.82806,100
mj5ren3.bmp,0.55671,0.69,1.10256,1.7094,0.22165,0.98311,0.39684,0.77177,100
mj5tai0.bmp,1.51106,0.85235,0.65079,0.78836,0.3738,0.96231,0.51913,0.81038,100
mj5zhao0.bmp,0.87851,0.55738,0.81098,1.4878,0.23272,0.9524,0.35114,0.78178,100
mj5er0.bmp,0.87052,0.77301,0.92,1.304,0.36317,0.96733,0.45112,0.86471,100
mj5zhong0.bmp,1.16778,0.912,0.67725,0.66138,0.19475,0.9626,0.34439,0.74,100
mj5you2.bmp,0.69885,0.6943,1.05,1.60833,0.23491,0.97652,0.34741,0.8078,100
mj5yi2.bmp,0.2595,0.77381,4.0,5.25,0.55311,0.98667,0.72454,0.89568,100
mj5bo0.bmp,0.96339,0.86755,1.10656,1.2377,0.39513,0.97064,0.50461,0.82623,100
mj5yu0.bmp,1.37564,0.75152,0.75568,0.9375,0.37736,0.95938,0.50437,0.82249,100
mj5shou2.bmp,0.99664,0.68844,0.70857,1.13714,0.21608,0.94412,0.31174,0.79029,100
mj5ren1.bmp,0.50801,0.58333,1.016,1.824,0.23049,0.98494,0.41417,0.77931,100
mj5yi0.bmp,0.8015,0.71579,1.05085,1.61017,0.28988,0.96398,0.44818,0.76348,100
mj5zhen0.bmp,1.10724,0.53659,0.73262,1.31551,0.24616,0.96975,0.39756,0.75732,100
mj5fan0.bmp,0.88462,0.80357,0.74691,1.03704,0.24227,0.94294,0.31155,0.83574,100
mj5wei1.bmp,0.70698,0.54867,0.92143,1.61429,0.34815,0.95475,0.42919,0.84497,100
mj5wei4.bmp,0.76859,0.55895,0.83333,1.52667,0.43524,0.96564,0.56054,0.83789,100
mj5liao0.bmp,1.20539,0.79429,0.68681,0.96154,0.53498,0.97594,0.73264,0.82086,100
mj5fang0.bmp,0.90279,0.64767,0.94483,1.33103,0.1492,0.93458,0.25071,0.74157,100
mj5liu0.bmp,0.51055,0.72159,1.32292,1.83333,0.19806,0.9461,0.28769,0.78555,100
mj5fu4.bmp,1.15698,0.5303,0.71078,0.97059,0.31537,0.96547,0.52168,0.74965,100
mj5yi1.bmp,0.2157,0.72571,4.74074,6.48148,0.57905,0.95645,0.71934,0.91238,100
mj5huo0.bmp,1.1673,0.74719,0.60302,0.89447,0.09621,0.88213,0.15979,0.79497,100
mj5han0.bmp,1.31053,0.81818,0.81176,0.90588,0.46364,0.96424,0.5354,0.86334,100
mj5nv1.bmp,0.70364,0.64593,1.14407,1.77119,0.2307,0.96959,0.39265,0.7544,100
mj5zhu0.bmp,0.92905,0.57563,0.73404,1.26596,0.29952,0.96269,0.45881,0.7605,100
mj5cheng1.bmp,0.89864,0.69307,0.70115,1.16092,0.23923,0.95254,0.34193,0.80652,100
mj5jun0.bmp,1.12621,0.64151,0.65803,0.82383,0.24395,0.95147,0.33365,0.82401,100
mj5jiang0.bmp,1.19206,0.71751,0.72956,1.11321,0.16036,0.91133,0.21655,0.79108,100
mj5yun0.bmp,0.75123,0.94444,1.13675,1.23077,0.3774,0.97679,0.51699,0.79346,100
mj5zi0.bmp,1.2777,1.27,0.94483,0.68966,0.32893,0.97773,0.45372,0.80336,100
mj5guo1.bmp,1.24708,0.60847,0.67822,0.93564,0.25784,0.94458,0.39462,0.76705,100
mj5yang0.bmp,1.28721,0.8,0.67456,0.97633,0.44795,0.96788,0.61515,0.79307,100
mj5liu1.bmp,1.32776,0.78431,0.77515,0.90533,0.3116,0.94636,0.36447,0.89516,100
mj5jin0.bmp,0.46321,0.58744,0.92593,1.65185,0.19693,0.96187,0.38003,0.75116,100
mj5zhe0.bmp,1.13938,0.64851,0.74157,1.13483,0.38288,0.97909,0.65442,0.73039,100
mj5dao0.bmp,1.17036,0.70297,0.69832,1.12849,0.46165,0.97718,0.67678,0.80871,100
mj5ye1.bmp,0.72772,0.67476,0.91129,1.66129,0.25666,0.96583,0.4318,0.76555,100
mj5nan0.bmp,1.08458,0.96689,0.76608,0.88304,0.29344,0.95985,0.42324,0.78323,100
mj5ci2.bmp,0.88304,0.7929,1.16522,1.46957,0.2965,0.9636,0.37233,0.83863,100
mj5dan1.bmp,0.68834,0.86014,1.31633,1.45918,0.34273,0.96991,0.44429,0.83745,100
mj5wei0.bmp,0.68623,0.54425,0.94853,1.66176,0.31707,0.95123,0.41886,0.82725,100
mj5li0.bmp,1.63551,0.8951,0.69061,0.79006,0.19768,0.94238,0.33178,0.73471,100
mj5xue0.bmp,1.23324,0.70909,0.63874,0.86387,0.27247,0.94961,0.39173,0.76615,100
mj5gai0.bmp,0.7648,0.55507,0.90728,1.50331,0.40114,0.96619,0.55388,0.80921,100
mj5wei2.bmp,1.23391,0.67742,0.85333,1.24,0.12695,0.89202,0.18523,0.79477,100
mj5xiao0.bmp,0.94082,0.69192,0.80272,1.34694,0.12868,0.90469,0.19335,0.78606,100
mj5lu1.bmp,1.13933,0.91391,0.69714,0.86286,0.37022,0.96022,0.5051,0.81915,100
mj5ci4.bmp,0.98815,0.77059,1.07563,1.42857,0.27007,0.96269,0.35029,0.83743,100
mj5ming0.bmp,1.17007,0.83221,0.93525,1.07194,0.45053,0.96355,0.55076,0.86571,100
mj5qi0.bmp,1.11,0.58744,0.80357,1.32738,0.11187,0.90997,0.17294,0.76208,100
mj5du0.bmp,1.21549,0.66169,0.72362,1.01005,0.26438,0.96467,0.43029,0.81305,100
mj5ru0.bmp,0.56434,0.7377,1.25,1.83,0.22806,0.9806,0.39791,0.82551,100
mj5hun0.bmp,1.06795,0.60355,0.74863,0.9235,0.27869,0.95154,0.37044,0.81451,100
mj5zhe4.bmp,1.15488,0.70103,0.72432,1.04865,0.23934,0.96043,0.34789,0.78415,100
mj5dan0.bmp,0.6243,0.7485,1.29,1.67,0.31898,0.96939,0.42172,0.83965,100
mj5jian0.bmp,1.19808,0.74586,0.76433,1.15287,0.27871,0.96959,0.39584,0.81887,100
mj5di0.bmp,1.32712,0.72956,0.59709,0.77184,0.35435,0.96845,0.57553,0.74358,100
mj5zhao1.bmp,0.94886,0.59336,0.73596,1.35393,0.20135,0.9496,0.30779,0.77727,100
mj5shou1.bmp,0.99612,0.79762,0.7707,1.07006,0.2838,0.96021,0.38398,0.81689,100
mj5zi1.bmp,1.52783,1.28571,0.93878,0.66667,0.34066,0.97882,0.46868,0.80049,100
mj5shi1.bmp,1.03557,1.01818,0.99254,0.8209,0.25828,0.97921,0.54104,0.76365,100
mj5ai0.bmp,1.03381,0.75429,0.72727,1.06061,0.2822,0.94824,0.38018,0.8142,100
mj5chu0.bmp,1.25476,0.70103,0.6413,1.05435,0.41309,0.97161,0.56143,0.80128,100
mj5ren0.bmp,0.49504,0.63033,1.33,2.11,0.21059,0.98125,0.40176,0.78082,100
mj5nv0.bmp,0.46074,0.58986,1.2,2.06667,0.21565,0.96179,0.33467,0.77873,100
mj5zhe1.bmp,1.05783,0.69744,0.8012,1.1747,0.25303,0.97016,0.42394,0.73226,100
mj5shao0.bmp,1.03031,1.09322,1.08,0.944,0.3681,0.9752,0.59238,0.75515,100
mj5zai1.bmp,1.06916,0.65803,0.78571,1.06044,0.16669,0.95767,0.30105,0.77484,100
mj5bie0.bmp,1.67642,0.83673,0.84663,0.90184,0.32653,0.9654,0.45207,0.83842,100
mj5yun1.bmp,0.85652,1.075,1.1875,1.07143,0.41998,0.97699,0.52661,0.8314,100
mj5ye0.bmp,0.64218,0.66667,1.09174,1.84404,0.28714,0.97139,0.47297,0.77527,100
mj5hu0.bmp,0.95842,0.85806,0.88276,1.06897,0.29313,0.94486,0.40237,0.79689,100
mj5dong0.bmp,1.50413,0.87333,0.68394,0.7772,0.25838,0.9596,0.37602,0.78028,100
mj5shi0.bmp,0.97431,0.78571,0.74691,1.12346,0.22026,0.96503,0.35841,0.77792,100
mj5jie0.bmp,1.29975,0.67073,0.64804,0.9162,0.31127,0.95301,0.42636,0.79923,100
mj5ye2.bmp,0.55127,0.66502,1.22917,2.11458,0.26185,0.96312,0.40743,0.78993,100
mj5shou0.bmp,0.85531,0.70874,0.63978,1.10753,0.22534,0.94737,0.3207,0.81305,100
mj5cheng0.bmp,0.70173,0.53012,0.72973,1.34595,0.30144,0.961,0.49421,0.77429,100
mj5hua0.bmp,1.21499,0.58373,0.69,1.045,0.19353,0.94688,0.31643,0.739,100
mj5ye3.bmp,0.62537,0.67172,1.08411,1.85047,0.27204,0.96879,0.43771,0.77509,100
mj5zhen1.bmp,1.1733,0.62727,0.78363,1.28655,0.23494,0.96774,0.40052,0.75597,100
mj5qing0.bmp,1.41856,0.73596,0.68681,0.97802,0.29786,0.96168,0.41125,0.79095,100
mj5zhou2.bmp,1.31833,0.81579,0.96552,1.04828,0.38521,0.9653,0.48567,0.85239,100
mj5dao2.bmp,1.2545,0.80769,0.74419,1.05814,0.45109,0.97494,0.63307,0.82971,100
mj5zhe2.bmp,1.1495,0.67464,0.71277,1.1117,0.24058,0.96427,0.36392,0.77291,100
mj5zhou1.bmp,1.51491,0.97656,0.97222,0.88889,0.286,0.95024,0.38934,0.83777,100
mj5ci0.bmp,0.86052,0.75429,1.075,1.45833,0.26952,0.96228,0.35564,0.82454,100
mj5hao1.bmp,0.81461,0.65128,1.06154,1.5,0.25961,0.95597,0.36654,0.79286,100
mj5shi2.bmp,1.09555,0.93103,0.82166,0.92357,0.27615,0.96362,0.42217,0.78086,100
mj5he0.bmp,1.07159,0.69753,0.81013,1.02532,0.12811,0.89301,0.18137,0.80428,100
mj5ci3.bmp,0.92951,0.77844,1.17699,1.47788,0.27039,0.95966,0.32906,0.85156,100
mj5dao1.bmp,1.24063,0.77778,0.80368,1.10429,0.34058,0.96732,0.45798,0.82939,100
mj5zou0.bmp,0.97193,0.65022,0.75148,1.31953,0.11067,0.91713,0.19158,0.7611,100
mj5jia1.bmp,1.23577,0.84,0.72581,0.80645,0.40265,0.95966,0.49344,0.84021,100
mj5ye4.bmp,0.69467,0.71505,1.02679,1.66071,0.28,0.97008,0.41138,0.77672,100
mj5fu0.bmp,0.96125,0.81868,0.8038,1.1519,0.22256,0.97822,0.41132,0.77342,100
mj5wang2.bmp,0.98661,0.96296,1.19626,1.26168,0.38823,0.98615,0.54428,0.82559,100
mj5kuang0.bmp,0.81232,0.7697,1.048,1.32,0.33648,0.96829,0.44499,0.81134,100
mj5chang0.bmp,1.14069,0.58382,0.59709,0.83981,0.22856,0.95843,0.41033,0.74135,100
mj5men0.bmp,1.39082,0.89313,0.94483,0.90345,0.35536,0.96192,0.42522,0.86691,100
mj5fu1.bmp,0.82513,0.5381,0.8642,1.2963,0.27088,0.96366,0.43185,0.75446,100
mj5ren2.bmp,0.46742,0.62201,1.25,2.00962,0.2152,0.98198,0.39178,0.788,100
mj5ling0.bmp,1.14972,0.72396,0.62778,1.06667,0.35188,0.96852,0.52663,0.79911,100
mj5qi2.bmp,1.0145,0.63366,0.87662,1.31169,0.19866,0.91823,0.26134,0.83313,100
mj5qi3.bmp,1.11083,0.58559,0.85535,1.39623,0.33829,0.97437,0.51459,0.77024,100
mj5ci1.bmp,1.40001,0.78125,0.87421,1.00629,0.20214,0.93514,0.25923,0.85476,100
mj5chu1.bmp,0.86519,0.71098,0.91971,1.26277,0.07316,0.72415,0.09346,0.86621,100
mj5jing0.bmp,1.19357,0.6087,0.65464,1.06701,0.41121,0.97256,0.57231,0.78575,100
mj5yu1.bmp,0.99795,0.81169,0.89262,1.03356,0.46777,0.9622,0.59362,0.83319,100
mj5you1.bmp,0.7145,0.69634,1.06723,1.60504,0.23435,0.97636,0.36001,0.79658,100
mj5wang1.bmp,0.96997,0.94286,1.25234,1.30841,0.38775,0.98506,0.52913,0.82765,100
mj5hou0.bmp,0.96186,0.60748,0.78205,1.37179,0.36383,0.97093,0.53818,0.78717,100
mj5zhou0.bmp,1.25646,0.74869,0.93976,1.1506,0.40043,0.96444,0.48187,0.87629,100
mj5jia0.bmp,1.13124,0.89744,0.90411,0.80137,0.31536,0.97388,0.55442,0.78328,100
mj5si0.bmp,1.19023,1.23077,1.10744,0.8595,0.47397,0.97266,0.63013,0.81745,100
mj5fu3.bmp,1.33791,0.61111,0.64,0.99,0.40121,0.97086,0.60096,0.75287,100
mj5guo0.bmp,1.39585,0.60335,0.62791,0.83256,0.25518,0.94936,0.38557,0.7746,100
mj5yang1.bmp,1.19877,0.79762,0.7193,0.98246,0.42749,0.96066,0.58162,0.79457,100
mj5fu2.bmp,1.35757,0.72941,0.73446,0.96045,0.17202,0.93306,0.25626,0.76098,100
mj5qian0.bmp,1.3002,0.6875,0.65079,0.93122,0.21227,0.91418,0.27519,0.80636,100
mj5yan1.bmp,0.87388,0.56828,0.87742,1.46452,0.17939,0.94106,0.29881,0.76572,100
mj5lu0.bmp,1.71769,0.85135,0.71585,0.80874,0.048,0.63624,0.07567,0.74548,100
mj5lian0.bmp,1.15427,0.71939,0.68889,1.08889,0.36389,0.97104,0.53712,0.79267,100
mj5hao0.bmp,0.77765,0.63861,1.03008,1.5188,0.22555,0.94511,0.29746,0.8129,100
mj5fa0.bmp,1.11049,0.79775,0.72941,1.04706,0.36763,0.97432,0.52986,0.78202,100
mj5qi1.bmp,1.03547,0.63682,0.89542,1.31373,0.34345,0.96064,0.4493,0.83549,100
mj5yue0.bmp,0.95698,0.64151,0.91034,1.46207,0.22871,0.96051,0.37097,0.74948,100
mj4yao0.bmp,1.00038,0.58261,0.70833,1.19792,0.20041,0.93643,0.31795,0.75176,100
mj4de0.bmp,0.97841,0.72362,0.72527,1.09341,0.32027,0.95281,0.48607,0.77427,100
mj4xu0.bmp,1.06384,0.59048,0.71515,1.27273,0.23795,0.94791,0.3532,0.77074,100
mj4wei3.bmp,1.14599,0.73295,0.88667,1.17333,0.26273,0.95316,0.38355,0.77163,100
mj4ping0.bmp,1.30434,0.60656,0.73224,1.0,0.18923,0.96203,0.34085,0.71702,100
mj4er1.bmp,0.62197,0.86755,1.23585,1.42453,0.38104,0.97393,0.48453,0.82523,100
mj4bing0.bmp,0.98138,0.84568,1.05512,1.27559,0.44906,0.97533,0.63829,0.82886,100
mj4zhe3.bmp,1.1113,0.665,0.76879,1.15607,0.21039,0.95797,0.36259,0.73003,100
mj4you0.bmp,1.72798,0.80255,0.78947,0.82632,0.33845,0.97517,0.51473,0.77468,100
mj4shen1.bmp,0.84425,0.63351,0.90278,1.32639,0.35958,0.97321,0.54242,0.75614,100
mj4wang0.bmp,0.9575,0.96324,1.31068,1.32039,0.41976,0.98477,0.56376,0.83767,100
mj4xing1.bmp,1.42151,0.73457,0.82895,1.06579,0.18135,0.9291,0.2255,0.82834,100
mj4yin0.bmp,1.0935,1.0885,1.125,0.94167,0.58031,0.97949,0.68408,0.86445,100
mj4zai0.bmp,1.0142,0.68449,0.91975,1.15432,0.13796,0.92523,0.23331,0.79973,100
mj4shao1.bmp,1.13552,0.7546,0.80982,1.0,0.19536,0.9635,0.40393,0.74816,100
mj4yan0.bmp,1.05253,0.67725,0.74269,1.10526,0.35368,0.96366,0.48044,0.79363,100
mj4shan0.bmp,0.94324,1.12097,1.15044,1.09735,0.3371,0.98152,0.47816,0.81102,100
mj4suo0.bmp,0.86248,0.71166,1.03968,1.29365,0.22936,0.94307,0.30722,0.82806,100
mj4ren3.bmp,0.50638,0.64878,1.20183,1.88073,0.20295,0.9821,0.3994,0.76408,100
mj4tai0.bmp,1.51106,0.85235,0.65079,0.78836,0.3738,0.96231,0.51913,0.81038,100
mj4sheng0.bmp,1.20134,1.23423,1.04918,0.90984,0.43199,0.98275,0.61911,0.82327,100
mj4zhao0.bmp,0.91883,0.57082,0.81988,1.4472,0.23785,0.95138,0.34636,0.79617,100
mj4qin0.bmp,1.14351,0.71271,0.68927,1.0226,0.21739,0.92662,0.2584,0.86061,100
mj4er0.bmp,0.87124,0.6455,0.88489,1.35971,0.35098,0.9672,0.43825,0.86611,100
mj4zhong0.bmp,1.1514,0.87023,0.76744,0.76163,0.17841,0.95427,0.30863,0.7405,100
mj4you2.bmp,0.69885,0.6943,1.05,1.60833,0.23491,0.97652,0.34741,0.8078,100
mj4deng0.bmp,1.25786,0.62105,0.72251,0.99476,0.22688,0.95541,0.38122,0.7309,100
mj4yi2.bmp,0.88611,0.56897,0.74359,1.48718,0.17805,0.92544,0.24796,0.81959,100
mj4ji0.bmp,1.13976,0.87248,0.85616,1.02055,0.21359,0.9334,0.28751,0.81464,100
mj4zhi0.bmp,0.58418,0.78107,1.11712,1.52252,0.27899,0.96604,0.38787,0.80854,100
mj4xiang0.bmp,1.00817,0.58716,0.68862,1.30539,0.2432,0.95406,0.40538,0.74112,100
mj4xi0.bmp,1.08407,0.62562,0.80473,1.20118,0.28949,0.96887,0.46614,0.74142,100
mj4bo0.bmp,0.96339,0.86755,1.10656,1.2377,0.39513,0.97064,0.50461,0.82623,100
mj4yu0.bmp,1.15607,0.71053,0.72941,1.11765,0.08985,0.8905,0.13165,0.77303,100
mj4de2.bmp,1.20127,0.58673,0.7929,1.15976,0.20082,0.92934,0.27601,0.78991,100
mj4shou2.bmp,1.01707,0.7234,0.6776,1.02732,0.24286,0.95142,0.34504,0.80375,100
mj4fei0.bmp,1.05514,0.78261,0.82558,1.06977,0.37282,0.96279,0.52621,0.8028,100
mj4bian0.bmp,1.24046,0.70787,0.63351,0.93194,0.20534,0.90814,0.28072,0.80774,100
mj4ren1.bmp,0.44896,0.6129,1.17699,1.92035,0.21553,0.98362,0.41368,0.76553,100
mj4yi0.bmp,0.86781,0.57872,0.69364,1.35838,0.14507,0.89544,0.19515,0.82853,100
mj4zhen0.bmp,1.23325,0.55508,0.76471,1.26203,0.27817,0.97263,0.43961,0.76249,100
mj4fan0.bmp,0.88462,0.80357,0.74691,1.03704,0.24227,0.94294,0.31155,0.83574,100
mj4wei1.bmp,0.97411,0.70312,0.83721,1.11628,0.18552,0.92124,0.26764,0.79305,100
mj4xing2.bmp,0.95297,0.58673,0.75625,1.225,0.17495,0.94889,0.27165,0.75219,100
mj4wei4.bmp,0.76859,0.55895,0.83333,1.52667,0.43524,0.96564,0.56054,0.83789,100
mj4liao0.bmp,1.20539,0.79429,0.68681,0.96154,0.53498,0.97594,0.73264,0.82086,100
mj4fang0.bmp,0.95058,0.73714,0.91667,1.21528,0.2621,0.9664,0.39461,0.77233,100
mj4liu0.bmp,0.55481,0.60891,1.26,2.02,0.40109,0.97503,0.58023,0.79171,100
mj4fu4.bmp,1.15698,0.5303,0.71078,0.97059,0.31537,0.96547,0.52168,0.74965,100
mj4yi1.bmp,0.26052,0.76923,4.0,5.28125,0.60484,0.98819,0.73555,0.90859,100
mj4ji2.bmp,0.79001,0.75676,0.81818,1.2013,0.24193,0.9722,0.38721,0.79456,100
mj4bu1.bmp,0.9081,0.7871,1.18349,1.42202,0.39322,0.98047,0.48014,0.85799,100
mj4huo0.bmp,1.18811,0.74302,0.65306,0.91327,0.25814,0.96225,0.40602,0.79906,100
mj4xia0.bmp,0.90573,0.65497,1.22018,1.56881,0.25975,0.9823,0.46564,0.78289,100
mj4chuang1.bmp,1.14998,0.7541,0.76774,1.18065,0.29036,0.96659,0.41702,0.78712,100
mj4han0.bmp,1.05044,0.61905,0.65238,0.9,0.38827,0.96624,0.57967,0.76408,100
mj4nv1.bmp,0.70364,0.64593,1.14407,1.77119,0.2307,0.96959,0.39265,0.7544,100
mj4zhu0.bmp,0.92905,0.57563,0.73404,1.26596,0.29952,0.96269,0.45881,0.7605,100
mj4cheng1.bmp,0.89864,0.69307,0.70115,1.16092,0.23923,0.95254,0.34193,0.80652,100
mj4jun0.bmp,1.12621,0.64151,0.65803,0.82383,0.24395,0.95147,0.33365,0.82401,100
mj4jiang0.bmp,1.19206,0.71751,0.72956,1.11321,0.16036,0.91133,0.21655,0.79108,100
mj4yun0.bmp,0.75123,0.94444,1.13675,1.23077,0.3774,0.97679,0.51699,0.79346,100
mj4zi0.bmp,1.42632,1.2,0.86076,0.66456,0.3258,0.97845,0.44495,0.80501,100
mj4guo1.bmp,1.24708,0.60847,0.67822,0.93564,0.25784,0.94458,0.39462,0.76705,100
mj4ji1.bmp,0.89033,0.81503,0.7987,1.12338,0.26312,0.97405,0.3788,0.80859,100
mj4yuan1.bmp,1.20845,0.75263,0.69663,1.06742,0.29166,0.96578,0.43284,0.79862,100
mj4de3.bmp,1.23907,0.58794,0.75419,1.11173,0.36692,0.96669,0.52674,0.7745,100
mj4yang0.bmp,1.28721,0.8,0.67456,0.97633,0.44795,0.96788,0.61515,0.79307,100
mj4liu1.bmp,1.32776,0.78431,0.77515,0.90533,0.3116,0.94636,0.36447,0.89516,100
mj4tong0.bmp,1.1412,0.96875,0.99286,0.91429,0.62483,0.97848,0.77528,0.83701,100
mj4jin0.bmp,0.52515,0.55274,0.83673,1.61224,0.2049,0.96771,0.39059,0.74348,100
mj4chong0.bmp,1.39317,0.83832,0.67662,0.83085,0.29523,0.95701,0.42435,0.78356,100
mj4zhe0.bmp,1.18693,0.64091,0.75956,1.20219,0.2074,0.959,0.34928,0.73785,100
mj4jiu2.bmp,0.75227,0.67857,1.01724,1.68966,0.28932,0.97761,0.41156,0.81014,100
mj4dao0.bmp,1.18606,0.79096,0.82692,1.13462,0.43079,0.97157,0.58686,0.82589,100
mj4ye1.bmp,0.72772,0.67476,0.91129,1.66129,0.25666,0.96583,0.4318,0.76555,100
mj4nan0.bmp,1.08458,0.96689,0.76608,0.88304,0.29344,0.95985,0.42324,0.78323,100
mj4ci2.bmp,0.88614,0.79641,1.16667,1.46491,0.37123,0.96789,0.44963,0.85066,100
mj4dan1.bmp,0.68834,0.86014,1.31633,1.45918,0.34273,0.96991,0.44429,0.83745,100
mj4fa1.bmp,1.11283,0.78286,0.72289,1.05422,0.24248,0.96129,0.34067,0.79024,100
mj4wei0.bmp,1.36339,0.73964,0.68599,0.81643,0.50387,0.97704,0.73644,0.76201,100
mj4li0.bmp,1.00998,0.95349,1.13333,1.075,0.50355,0.97533,0.54995,0.91668,100
mj4xue0.bmp,1.23324,0.70909,0.63874,0.86387,0.27247,0.94961,0.39173,0.76615,100
mj4gai0.bmp,0.7648,0.55507,0.90728,1.50331,0.40114,0.96619,0.55388,0.80921,100
mj4wei2.bmp,1.34207,0.72289,0.67476,0.80583,0.33504,0.96687,0.5212,0.74768,100
mj4xiao0.bmp,0.94082,0.69192,0.80272,1.34694,0.12868,0.90469,0.19335,0.78606,100
mj4lu1.bmp,1.13933,0.91391,0.69714,0.86286,0.37022,0.96022,0.5051,0.81915,100
mj4dang0.bmp,1.16249,0.82468,0.76543,0.95062,0.49094,0.97262,0.71534,0.76919,100
mj4ci4.bmp,0.98815,0.77059,1.07563,1.42857,0.27007,0.96269,0.35029,0.83743,100
mj4ming0.bmp,1.17007,0.83221,0.93525,1.07194,0.45053,0.96355,0.55076,0.86571,100
mj4qi0.bmp,1.11205,0.5885,0.81765,1.32941,0.29637,0.97038,0.46909,0.76231,100
mj4du0.bmp,1.21549,0.66169,0.72362,1.01005,0.26438,0.96467,0.43029,0.81305,100
mj4ru0.bmp,0.56434,0.7377,1.25,1.83,0.22806,0.9806,0.39791,0.82551,100
mj4hun0.bmp,0.73205,0.57692,0.99248,1.56391,0.3206,0.95549,0.41887,0.82807,100
mj4zhe4.bmp,1.15488,0.70103,0.72432,1.04865,0.23934,0.96043,0.34789,0.78415,100
mj4dan0.bmp,0.6243,0.7485,1.29,1.67,0.31898,0.96939,0.42172,0.83965,100
mj4jian0.bmp,1.19808,0.74586,0.76433,1.15287,0.27871,0.96959,0.39584,0.81887,100
mj4di0.bmp,1.32712,0.72956,0.59709,0.77184,0.35435,0.96845,0.57553,0.74358,100
mj4sang1.bmp,0.84151,0.60748,0.92143,1.52857,0.3497,0.96415,0.49395,0.78759,100
mj4zhao1.bmp,0.94886,0.59336,0.73596,1.35393,0.20135,0.9496,0.30779,0.77727,100
mj4shou1.bmp,0.89991,0.57919,0.82119,1.46358,0.36262,0.95522,0.48411,0.82231,100
mj4zi1.bmp,1.52783,1.28571,0.93878,0.66667,0.34066,0.97882,0.46868,0.80049,100
mj4shi1.bmp,1.05328,0.85714,1.12397,1.21488,0.30019,0.98888,0.52627,0.72273,100
mj4ai0.bmp,1.05501,0.71351,0.71839,1.06322,0.34651,0.96109,0.47367,0.82025,100
mj4chu0.bmp,1.21075,0.73913,0.69318,1.04545,0.34338,0.95583,0.4713,0.79555,100
mj4ren0.bmp,0.49413,0.58482,1.18584,1.9823,0.23473,0.98491,0.42648,0.77709,100
mj4nv0.bmp,0.72353,0.63208,1.10833,1.76667,0.23245,0.96742,0.35722,0.76864,100
mj4song0.bmp,0.97541,0.72781,0.85811,1.14189,0.40704,0.97245,0.54104,0.79229,100
mj4shu1.bmp,0.9371,0.67172,0.80892,1.26115,0.32712,0.9519,0.43583,0.82049,100
mj4zhe1.bmp,1.03824,0.62037,0.74586,1.19337,0.20925,0.95723,0.34374,0.74204,100
mj4shao0.bmp,1.12618,1.04959,1.08527,0.93798,0.39471,0.98103,0.61407,0.76779,100
mj4zai1.bmp,1.06916,0.65803,0.78571,1.06044,0.16669,0.95767,0.30105,0.77484,100
mj4wu1.bmp,0.69268,0.61009,1.21296,2.01852,0.30938,0.97902,0.48394,0.80476,100
mj4bie0.bmp,1.67642,0.83673,0.84663,0.90184,0.32653,0.9654,0.45207,0.83842,100
mj4yun1.bmp,0.85652,1.075,1.1875,1.07143,0.41998,0.97699,0.52661,0.8314,100
mj4ye0.bmp,0.59026,0.67647,1.16832,2.0198,0.2499,0.95625,0.41704,0.77615,100
mj4hu0.bmp,0.95842,0.85806,0.88276,1.06897,0.29313,0.94486,0.40237,0.79689,100
mj4dong0.bmp,1.50413,0.87333,0.68394,0.7772,0.25838,0.9596,0.37602,0.78028,100
mj4chuang0.bmp,0.80699,0.61058,0.80132,1.37748,0.40654,0.97748,0.53127,0.83963,100
mj4shi0.bmp,1.00129,0.75419,0.60733,0.93717,0.1998,0.94269,0.29461,0.76959,100
mj4nai0.bmp,1.37285,0.94776,1.01361,0.91156,0.28094,0.97433,0.3834,0.82842,100
mj4jie0.bmp,1.29975,0.67073,0.64804,0.9162,0.31127,0.95301,0.42636,0.79923,100
mj4ye2.bmp,0.55127,0.66502,1.22917,2.11458,0.26185,0.96312,0.40743,0.78993,100
mj4xin0.bmp,1.74503,0.944,0.69072,0.64433,0.22148,0.95074,0.34021,0.75883,100
mj4shou0.bmp,1.03122,0.76571,0.7052,1.01156,0.27022,0.96059,0.38321,0.80942,100
mj4de1.bmp,1.01214,0.6729,0.70103,1.10309,0.2255,0.92891,0.34434,0.76993,100
mj4cheng0.bmp,1.15142,0.90667,0.6474,0.86705,0.19183,0.94143,0.30525,0.79944,100
mj4hua0.bmp,1.21499,0.58373,0.69,1.045,0.19353,0.94688,0.31643,0.739,100
mj4ye3.bmp,0.62537,0.67172,1.08411,1.85047,0.27204,0.96879,0.43771,0.77509,100
mj4zhen1.bmp,1.08474,0.60648,0.81143,1.23429,0.22511,0.96218,0.35033,0.76358,100
mj4rou0.bmp,1.10211,0.98462,0.9927,0.94891,0.47033,0.97868,0.56508,0.84523,100
mj4qing0.bmp,1.41856,0.73596,0.68681,0.97802,0.29786,0.96168,0.41125,0.79095,100
mj4zhou2.bmp,1.31833,0.81579,0.96552,1.04828,0.38521,0.9653,0.48567,0.85239,100
mj4shen0.bmp,1.08688,0.66507,0.84337,1.25904,0.26079,0.95967,0.40063,0.75838,100
mj4si1.bmp,0.86418,0.78571,0.79433,1.19149,0.19569,0.93696,0.26911,0.82313,100
mj4xing0.bmp,1.14929,0.63874,0.73171,1.16463,0.1594,0.95099,0.25768,0.74873,100
mj4dao2.bmp,1.2646,0.81034,0.7963,1.07407,0.33633,0.96602,0.45713,0.82371,100
mj4zhe2.bmp,1.1495,0.67464,0.71277,1.1117,0.24058,0.96427,0.36392,0.77291,100
mj4zhou1.bmp,1.51491,0.97656,0.97222,0.88889,0.286,0.95024,0.38934,0.83777,100
mj4ci0.bmp,1.03444,0.81366,1.09091,1.33058,0.27573,0.96318,0.34379,0.84785,100
mj4hao1.bmp,0.81461,0.65128,1.06154,1.5,0.25961,0.95597,0.36654,0.79286,100
mj4shi2.bmp,1.06162,0.93478,0.94853,1.01471,0.33709,0.97153,0.51045,0.78508,100
mj4he0.bmp,1.07159,0.69753,0.81013,1.02532,0.12811,0.89301,0.18137,0.80428,100
mj4dui0.bmp,1.2405,0.77778,0.80745,1.00621,0.41824,0.96791,0.54612,0.82025,100
mj4ci3.bmp,0.92951,0.77844,1.17699,1.47788,0.27039,0.95966,0.32906,0.85156,100
mj4dao1.bmp,1.12172,0.84242,0.87586,1.13793,0.43983,0.96887,0.59817,0.83131,100
mj4zou0.bmp,0.97193,0.65022,0.75148,1.31953,0.11067,0.91713,0.19158,0.7611,100
mj4wu0.bmp,1.19954,0.73457,0.85621,1.05882,0.08309,0.86195,0.12122,0.78092,100
mj4gui0.bmp,1.01013,0.7546,0.88321,1.18978,0.40634,0.97129,0.50607,0.86919,100
mj4jia1.bmp,0.94894,0.60664,0.84459,1.42568,0.25139,0.94519,0.33352,0.82887,100
mj4qie0.bmp,0.90202,0.84713,1.07563,1.31933,0.4442,0.97762,0.57829,0.82511,100
mj4ye4.bmp,0.69467,0.71505,1.02679,1.66071,0.28,0.97008,0.41138,0.77672,100
mj4zhi2.bmp,0.57386,0.78571,1.09565,1.46087,0.27547,0.96324,0.36458,0.8265,100
mj4fu0.bmp,1.17768,0.78981,0.84286,1.12143,0.35851,0.96005,0.44127,0.85092,100
mj4jiu1.bmp,0.94072,0.87162,1.08696,1.28696,0.31977,0.98536,0.52554,0.802,100
mj4xuan3.bmp,0.86574,0.80473,1.03077,1.3,0.34474,0.97493,0.46729,0.80151,100
mj4wang2.bmp,0.98661,0.96296,1.19626,1.26168,0.38823,0.98615,0.54428,0.82559,100
mj4qin1.bmp,1.20657,0.72626,0.61957,0.97283,0.32785,0.95509,0.41917,0.83684,100
mj4kuang0.bmp,0.81232,0.7697,1.048,1.32,0.33648,0.96829,0.44499,0.81134,100
mj4chang0.bmp,1.2172,0.57471,0.58294,0.82464,0.24955,0.96354,0.44833,0.74293,100
mj4men0.bmp,1.39082,0.89313,0.94483,0.90345,0.35536,0.96192,0.42522,0.86691,100
mj4de5.bmp,1.27999,0.58291,0.73077,1.09341,0.22595,0.94464,0.31758,0.78103,100
mj4ri0.bmp,1.06828,1.20388,1.26168,0.96262,0.53425,0.98635,0.70604,0.8238,100
mj4jin1.bmp,0.60618,0.60274,0.94697,1.65909,0.18894,0.96111,0.35892,0.75348,100
mj4xuan1.bmp,1.00287,0.71958,0.96241,1.42105,0.32462,0.977,0.46138,0.79108,100
mj4xuan0.bmp,1.02444,0.75691,0.96377,1.31159,0.35037,0.97979,0.50617,0.78063,100
mj4fu1.bmp,1.05906,0.60664,0.83929,1.25595,0.3285,0.96304,0.43669,0.82597,100
mj4ren2.bmp,0.50452,0.625,1.13559,1.83051,0.19446,0.98103,0.35835,0.77424,100
mj4jiu0.bmp,0.70921,0.67,0.88281,1.5625,0.32512,0.98153,0.47327,0.80323,100
mj4zhi1.bmp,0.58262,0.77515,1.06957,1.46957,0.27425,0.96514,0.38902,0.80876,100
mj4ling0.bmp,1.17481,0.77778,0.74138,0.93103,0.35822,0.94984,0.41909,0.87656,100
mj4sang0.bmp,0.92246,0.67647,0.7619,1.21429,0.30071,0.961,0.46529,0.76415,100
mj4qi2.bmp,1.0145,0.63366,0.87662,1.31169,0.19866,0.91823,0.26134,0.83313,100
mj4qi3.bmp,1.11083,0.58559,0.85535,1.39623,0.33829,0.97437,0.51459,0.77024,100
mj4bu0.bmp,0.92443,0.74214,1.09322,1.34746,0.33453,0.97537,0.41783,0.84558,100
mj4gao0.bmp,1.09957,0.90789,0.80625,0.95,0.32574,0.95925,0.41096,0.8212,100
mj4shu0.bmp,1.02953,0.64141,0.75904,1.19277,0.32144,0.95781,0.4206,0.8308,100
mj4ci1.bmp,1.00486,0.78571,1.07317,1.36585,0.26793,0.95893,0.3211,0.85601,100
mj4chu1.bmp,0.86519,0.71098,0.91971,1.26277,0.07316,0.72415,0.09346,0.86621,100
mj4jing0.bmp,0.85577,0.71351,0.88489,1.33094,0.04501,0.60482,0.05896,0.86111,100
mj4sui0.bmp,1.21407,0.82143,0.67045,0.95455,0.42231,0.96683,0.56518,0.83085,100
mj4jin2.bmp,1.23953,0.77976,0.71196,0.91304,0.20479,0.93885,0.30154,0.76541,100
mj4yu1.bmp,1.82108,0.83951,0.70238,0.96429,0.15419,0.9409,0.22032,0.78879,100
mj4you1.bmp,0.99925,0.74866,0.80892,1.19108,0.25621,0.94433,0.34422,0.83016,100
mj4neng0.bmp,0.93273,0.61927,0.78431,1.42484,0.37831,0.96574,0.53682,0.79828,100
mj4wang1.bmp,0.91523,0.94853,1.38542,1.41667,0.45401,0.98599,0.59355,0.84385,100
mj4hou0.bmp,0.96186,0.60748,0.78205,1.37179,0.36383,0.97093,0.53818,0.78717,100
mj4zhou0.bmp,1.24964,0.81757,0.98658,0.99329,0.44928,0.97258,0.56355,0.86256,100
mj4niao0.bmp,1.29209,0.81761,0.88961,1.03247,0.1967,0.91966,0.27521,0.79524,100
mj4jia0.bmp,1.00807,0.72263,0.82803,0.87261,0.33702,0.98012,0.57596,0.78996,100
mj4ling1.bmp,1.02312,0.76331,0.7341,0.97688,0.3624,0.95351,0.42921,0.86863,100
mj4si0.bmp,0.8392,0.74713,0.87597,1.34884,0.15243,0.92339,0.2203,0.83303,100
mj4fu3.bmp,1.33791,0.61111,0.64,0.99,0.40121,0.97086,0.60096,0.75287,100
mj4guo0.bmp,1.17802,0.6,0.64878,0.87805,0.36234,0.96521,0.54326,0.77461,100
mj4xie0.bmp,1.35257,0.64557,0.73714,0.90286,0.21647,0.94789,0.32396,0.77752,100
mj4yang1.bmp,1.19877,0.79762,0.7193,0.98246,0.42749,0.96066,0.58162,0.79457,100
mj4fu2.bmp,1.35757,0.72941,0.73446,0.96045,0.17202,0.93306,0.25626,0.76098,100
mj4qian0.bmp,1.46076,0.72152,0.91892,1.06757,0.20086,0.97096,0.37531,0.71701,100
mj4yuan0.bmp,1.39824,0.74731,0.63452,0.94416,0.286,0.96232,0.43425,0.79173,100
mj4yan1.bmp,0.87388,0.56828,0.87742,1.46452,0.17939,0.94106,0.29881,0.76572,100
mj4lu0.bmp,1.62386,0.88028,0.71186,0.80226,0.38917,0.95824,0.57694,0.7576,100
mj4lian0.bmp,1.2198,0.76796,0.75287,1.04023,0.35272,0.96569,0.46977,0.82048,100
mj4hao0.bmp,0.77765,0.63861,1.03008,1.5188,0.22555,0.94511,0.29746,0.8129,100
mj4shou3.bmp,0.96874,0.71196,0.75294,1.08235,0.26116,0.95926,0.3722,0.80079,100
mj4xuan2.bmp,0.96707,0.82051,0.85161,1.00645,0.36681,0.96013,0.43538,0.86487,100
mj4dao3.bmp,1.26609,0.76216,0.74118,1.08824,0.3849,0.97047,0.55683,0.81407,100
mj4fa0.bmp,0.96107,0.75138,0.79355,1.16774,0.25092,0.9643,0.36494,0.77682,100
mj4qi1.bmp,1.03547,0.63682,0.89542,1.31373,0.34345,0.96064,0.4493,0.83549,100
mj4san0.bmp,0.44043,0.82424,1.39785,1.77419,0.28397,0.96903,0.43497,0.80591,100
mj4de4.bmp,1.23892,0.59596,0.75419,1.10615,0.3678,0.96695,0.52542,0.77646,100
mj4yue0.bmp,0.85515,0.63551,0.93706,1.4965,0.22917,0.95938,0.36669,0.75,100
mj1de0.bmp,1.24366,0.59296,0.85455,1.20606,0.22101,0.93771,0.31121,0.77991,100
mj1you0.bmp,0.62131,0.72105,0.98413,1.50794,0.22799,0.97186,0.31318,0.83809,100
mj1shen1.bmp,0.84425,0.63351,0.90278,1.32639,0.35958,0.97321,0.54242,0.75614,100
mj1wang0.bmp,0.76947,1.17355,1.11818,1.1,0.37817,0.97578,0.57212,0.79497,100
mj1zai0.bmp,0.94064,0.8284,0.78,1.12667,0.3683,0.96981,0.49949,0.84299,100
mj1yan0.bmp,1.05253,0.67725,0.74269,1.10526,0.35368,0.96366,0.48044,0.79363,100
mj1ren3.bmp,0.50638,0.64878,1.20183,1.88073,0.20295,0.9821,0.3994,0.76408,100
mj1sheng0.bmp,1.20134,1.23423,1.04918,0.90984,0.43199,0.98275,0.61911,0.82327,100
mj1qin0.bmp,1.14351,0.71271,0.68927,1.0226,0.21739,0.92662,0.2584,0.86061,100
mj1ji0.bmp,1.13976,0.87248,0.85616,1.02055,0.21359,0.9334,0.28751,0.81464,100
mj1zhi0.bmp,0.51834,0.79167,1.20588,1.64706,0.29321,0.96264,0.39488,0.82018,100
mj1xiang0.bmp,1.00817,0.58716,0.68862,1.30539,0.2432,0.95406,0.40538,0.74112,100
mj1yu0.bmp,0.93668,0.5678,0.80488,1.43902,0.14949,0.91873,0.2391,0.76071,100
mj1ren1.bmp,0.4963,0.65072,1.10084,1.7563,0.22299,0.98506,0.42904,0.76789,100
mj1yi0.bmp,0.89082,0.75281,0.87234,1.26241,0.2461,0.95996,0.37386,0.78312,100
mj1yi1.bmp,0.25627,0.7619,3.76471,4.94118,0.59217,0.9888,0.74967,0.90384,100
mj1ji2.bmp,0.79001,0.75676,0.81818,1.2013,0.24193,0.9722,0.38721,0.79456,100
mj1xia0.bmp,0.90573,0.65497,1.22018,1.56881,0.25975,0.9823,0.46564,0.78289,100
mj1chuang1.bmp,1.14998,0.7541,0.76774,1.18065,0.29036,0.96659,0.41702,0.78712,100
mj1ji1.bmp,0.89033,0.81503,0.7987,1.12338,0.26312,0.97405,0.3788,0.80859,100
mj1tong0.bmp,1.1412,0.96875,0.99286,0.91429,0.62483,0.97848,0.77528,0.83701,100
mj1jin0.bmp,1.13231,0.63158,0.73563,1.20115,0.24896,0.95684,0.39864,0.75588,100
mj1dao0.bmp,1.30579,0.81503,0.7485,1.03593,0.48993,0.97502,0.66085,0.82995,100
mj1wei0.bmp,1.03494,0.73936,0.82955,1.06818,0.18969,0.93213,0.28111,0.77787,100
mj1dang0.bmp,1.16249,0.82468,0.76543,0.95062,0.49094,0.97262,0.71534,0.76919,100
mj1hun0.bmp,0.73205,0.57692,0.99248,1.56391,0.3206,0.95549,0.41887,0.82807,100
mj1sang1.bmp,0.84151,0.60748,0.92143,1.52857,0.3497,0.96415,0.49395,0.78759,100
mj1shi1.bmp,0.8041,0.80117,1.22222,1.58333,0.39674,0.98311,0.61709,0.75941,100
mj1ren0.bmp,0.51608,0.62381,1.14035,1.84211,0.22625,0.9851,0.42484,0.76481,100
mj1shao0.bmp,1.03126,0.6555,0.74096,1.25904,0.43326,0.97358,0.62621,0.81335,100
mj1wu1.bmp,0.69268,0.61009,1.21296,2.01852,0.30938,0.97902,0.48394,0.80476,100
mj1ye0.bmp,0.59026,0.67647,1.16832,2.0198,0.2499,0.95625,0.41704,0.77615,100
mj1chuang0.bmp,0.80699,0.61058,0.80132,1.37748,0.40654,0.97748,0.53127,0.83963,100
mj1shi0.bmp,1.16132,0.73143,0.81098,1.06707,0.26422,0.95278,0.39868,0.76474,100
mj1xin0.bmp,1.74503,0.944,0.69072,0.64433,0.22148,0.95074,0.34021,0.75883,100
mj1shou0.bmp,1.45124,0.8,0.88957,0.9816,0.33769,0.97102,0.53094,0.7579,100
mj1rou0.bmp,1.10211,0.98462,0.9927,0.94891,0.47033,0.97868,0.56508,0.84523,100
mj1shen0.bmp,1.08688,0.66507,0.84337,1.25904,0.26079,0.95967,0.40063,0.75838,100
mj1si1.bmp,0.86418,0.78571,0.79433,1.19149,0.19569,0.93696,0.26911,0.82313,100
mj1xing0.bmp,1.32162,0.84277,0.86842,1.04605,0.34318,0.96993,0.51053,0.77939,100
mj1ci0.bmp,1.03972,0.81818,1.15126,1.38655,0.24617,0.95459,0.29455,0.85613,100
mj1dui0.bmp,1.2405,0.77778,0.80745,1.00621,0.41824,0.96791,0.54612,0.82025,100
mj1wu0.bmp,1.19954,0.73457,0.85621,1.05882,0.08309,0.86195,0.12122,0.78092,100
mj1gui0.bmp,1.01013,0.7546,0.88321,1.18978,0.40634,0.97129,0.50607,0.86919,100
mj1jia1.bmp,0.94894,0.60664,0.84459,1.42568,0.25139,0.94519,0.33352,0.82887,100
mj1qie0.bmp,0.90202,0.84713,1.07563,1.31933,0.4442,0.97762,0.57829,0.82511,100
mj1zhi2.bmp,0.52852,0.74432,1.07759,1.51724,0.27677,0.96568,0.3801,0.81421,100
mj1fu0.bmp,1.1563,0.81169,0.89051,1.12409,0.53157,0.97096,0.64727,0.86326,100
mj1qin1.bmp,1.20657,0.72626,0.61957,0.97283,0.32785,0.95509,0.41917,0.83684,100
mj1chang0.bmp,1.2172,0.57471,0.58294,0.82464,0.24955,0.96354,0.44833,0.74293,100
mj1jin1.bmp,0.71497,0.83636,1.06667,1.375,0.31914,0.9597,0.40051,0.84349,100
mj1fu1.bmp,1.06175,0.53398,0.75385,1.05641,0.25706,0.95632,0.4211,0.74589,100
mj1ren2.bmp,0.52416,0.65657,1.2549,1.94118,0.24549,0.98461,0.46061,0.78071,100
mj1zhi1.bmp,0.578,0.80838,1.08772,1.46491,0.28593,0.9642,0.38938,0.82079,100
mj1ling0.bmp,0.52734,0.53814,0.80769,1.51282,0.17427,0.95301,0.33609,0.73254,100
mj1sang0.bmp,0.92246,0.67647,0.7619,1.21429,0.30071,0.961,0.46529,0.76415,100
mj1bu0.bmp,0.92443,0.74214,1.09322,1.34746,0.33453,0.97537,0.41783,0.84558,100
mj1jing0.bmp,0.85577,0.71351,0.88489,1.33094,0.04501,0.60482,0.05896,0.86111,100
mj1jin2.bmp,1.23953,0.77976,0.71196,0.91304,0.20479,0.93885,0.30154,0.76541,100
mj1yu1.bmp,1.82108,0.83951,0.70238,0.96429,0.15419,0.9409,0.22032,0.78879,100
mj1you1.bmp,0.90871,0.78528,0.93651,1.29365,0.19225,0.94643,0.24564,0.83578,100
mj1jia0.bmp,1.21593,0.78571,0.66667,0.82796,0.36612,0.96826,0.48316,0.80397,100
mj1si0.bmp,0.8392,0.74713,0.87597,1.34884,0.15243,0.92339,0.2203,0.83303,100
mj1xie0.bmp,1.35257,0.64557,0.73714,0.90286,0.21647,0.94789,0.32396,0.77752,100
mj1san0.bmp,0.50627,0.87582,1.3,1.53,0.13928,0.91463,0.20695,0.81023,100
mj3de0.bmp,1.28251,0.58621,0.76705,1.15341,0.17595,0.92062,0.24361,0.78341,100
mj3su0.bmp,1.17016,0.72775,0.73529,1.12353,0.33708,0.96737,0.48604,0.81355,100
mj3xu0.bmp,1.15818,0.91503,0.77647,0.9,0.39256,0.96837,0.52142,0.82168,100
mj3er1.bmp,0.67682,0.83333,1.17117,1.40541,0.21079,0.9276,0.27902,0.7994,100
mj3shang0.bmp,0.84709,0.75401,0.96269,1.39552,0.2773,0.97552,0.4294,0.7967,100
mj3wang0.bmp,0.84488,0.98561,1.08929,1.24107,0.28388,0.96882,0.43583,0.79053,100
mj3xing1.bmp,1.14625,0.67033,0.74214,1.14465,0.14916,0.94261,0.23709,0.74543,100
mj3feng0.bmp,0.94183,0.55263,0.62201,1.09091,0.20281,0.96258,0.34751,0.73387,100
mj3zai0.bmp,1.02107,0.71038,0.86982,1.08284,0.1479,0.92951,0.26172,0.78501,100
mj3sheng0.bmp,1.23196,1.10484,1.02326,0.96124,0.4182,0.98386,0.56094,0.83168,100
mj3qin0.bmp,1.02417,0.90604,0.86486,1.00676,0.41386,0.95285,0.50666,0.83733,100
mj3er0.bmp,0.66082,0.85621,1.20183,1.40367,0.33474,0.96349,0.42059,0.8221,100
mj3deng0.bmp,0.98943,0.8,0.83007,1.11111,0.40727,0.95647,0.49844,0.83484,100
mj3zhi7.bmp,0.53391,0.81657,1.11607,1.50893,0.21254,0.94895,0.30795,0.79417,100
mj3yi2.bmp,1.72418,1.02206,0.80588,0.8,0.30197,0.9545,0.48511,0.74378,100
mj3ji0.bmp,0.90867,0.69399,0.75862,1.26207,0.30895,0.95537,0.38818,0.85597,100
mj3zhi0.bmp,0.53051,0.75843,1.04237,1.50847,0.24443,0.96508,0.35771,0.79765,100
mj3quan0.bmp,0.83781,0.65,0.71751,1.24294,0.36366,0.96789,0.53756,0.78819,100
mj3duan0.bmp,0.8059,0.82659,0.8012,1.04217,0.47012,0.96675,0.6532,0.79425,100
mj3bian0.bmp,1.25824,0.76687,0.61053,0.85789,0.23311,0.92553,0.32997,0.80317,100
mj3wan0.bmp,1.34434,0.83648,0.74444,0.88333,0.40128,0.9656,0.52368,0.80871,100
mj3ren1.bmp,0.45498,0.63333,1.22642,1.98113,0.2241,0.98277,0.40683,0.78214,100
mj3yi0.bmp,1.08384,0.71667,0.84906,1.13208,0.29039,0.97498,0.4444,0.78138,100
mj3zhen0.bmp,1.14011,0.60455,0.75956,1.20219,0.2225,0.967,0.37416,0.75188,100
mj3xing2.bmp,1.15986,0.61905,0.77848,1.1962,0.14344,0.94507,0.23048,0.74987,100
mj3liu0.bmp,0.43182,0.61765,1.39326,2.29213,0.295,0.96836,0.44345,0.78778,100
mj3jing1.bmp,1.2916,0.65104,0.69948,0.99482,0.35012,0.9653,0.48556,0.78435,100
mj3xiu0.bmp,1.0886,0.71123,0.7076,1.09357,0.33294,0.96148,0.47898,0.77112,100
mj3yi1.bmp,1.07272,0.7622,0.87821,1.05128,0.26284,0.96195,0.40492,0.77129,100
mj3zuo0.bmp,1.04991,0.94326,0.96296,1.04444,0.39391,0.97702,0.50905,0.83718,100
mj3jiang0.bmp,1.1243,0.71271,0.78667,1.20667,0.16346,0.90898,0.22141,0.79102,100
mj3tong0.bmp,1.18033,0.8022,0.78049,1.10976,0.39448,0.9665,0.53416,0.83941,100
mj3zhe0.bmp,1.11631,0.69388,0.7931,1.12644,0.16516,0.936,0.24375,0.78102,100
mj3jiu2.bmp,0.92384,0.83871,0.93985,1.16541,0.25688,0.98031,0.43283,0.79364,100
mj3dao0.bmp,1.409,0.79661,0.7191,0.99438,0.4697,0.9749,0.63275,0.84191,100
mj3wei0.bmp,0.92279,0.68367,0.89375,1.225,0.18627,0.92288,0.26604,0.79323,100
mj3li0.bmp,0.70891,0.71351,1.0813,1.50407,0.26858,0.96165,0.38783,0.81169,100
mj3dang0.bmp,1.08078,0.74706,0.72455,1.01796,0.40033,0.96941,0.61419,0.75278,100
mj3zhi4.bmp,0.60924,0.78235,1.04237,1.44068,0.26059,0.96474,0.38483,0.79679,100
mj3qi0.bmp,1.24566,0.84615,0.65775,0.90374,0.21893,0.92849,0.30997,0.8141,100
mj3xin1.bmp,0.95721,0.70157,0.89865,1.29054,0.20226,0.93126,0.27709,0.79199,100
mj3zhi8.bmp,1.05852,0.75706,0.64674,0.96196,0.12066,0.89156,0.16095,0.8281,100
mj3chu0.bmp,1.17325,0.75439,0.79641,1.02395,0.26304,0.93817,0.35668,0.81112,100
mj3ren0.bmp,0.38872,0.60092,1.25472,2.0566,0.22678,0.98319,0.41565,0.78435,100
mj3zhe1.bmp,1.17659,0.69307,0.71123,1.08021,0.16006,0.94131,0.25078,0.76066,100
mj3ye0.bmp,0.73311,0.70588,1.10526,1.64035,0.35221,0.97141,0.54721,0.77089,100
mj3xiu1.bmp,1.26753,0.77011,0.77301,1.06748,0.38104,0.9669,0.55449,0.76698,100
mj3shi0.bmp,1.16018,0.71505,0.76582,1.17722,0.2613,0.95187,0.35974,0.81781,100
mj3nai0.bmp,1.36649,0.93103,1.04054,0.97973,0.23288,0.96794,0.32925,0.83139,100
mj3xin0.bmp,1.01712,0.70652,0.82581,1.1871,0.27458,0.94456,0.36507,0.80444,100
mj3de1.bmp,1.34702,0.58128,0.80952,1.20833,0.32165,0.96225,0.43209,0.79095,100
mj3hua0.bmp,0.73672,0.72727,1.16364,1.6,0.1305,0.90722,0.1656,0.83973,100
mj3qing0.bmp,1.53601,0.71429,0.66162,0.91919,0.23275,0.95547,0.32435,0.7867,100
mj3zhi5.bmp,0.57926,0.71429,0.97638,1.48819,0.23887,0.96481,0.37469,0.77401,100
mj3shen0.bmp,1.65571,0.7619,0.80447,0.93855,0.27807,0.9603,0.43153,0.80062,100
mj3xing0.bmp,1.19042,0.6455,0.74233,1.15951,0.14909,0.94021,0.23862,0.7437,100
mj3ci0.bmp,1.06457,0.75843,1.0625,1.39062,0.2541,0.95956,0.31795,0.84106,100
mj3dao1.bmp,1.23161,0.77487,0.68852,1.04372,0.20928,0.94245,0.30598,0.80678,100
mj3quan1.bmp,1.35328,0.74699,0.74419,0.96512,0.2991,0.95412,0.40018,0.80864,100
mj3zhi2.bmp,1.12874,0.97059,0.96429,0.97143,0.37264,0.97887,0.49909,0.84213,100
mj3jiu1.bmp,0.90094,0.84722,1.06087,1.25217,0.24553,0.96709,0.41029,0.79838,100
mj3zhi6.bmp,1.02685,0.78857,0.69767,1.01744,0.12693,0.89539,0.16391,0.83917,100
mj3ying0.bmp,0.76705,0.77011,0.81208,1.16779,0.45161,0.9733,0.63944,0.80496,100
mj3chang0.bmp,0.87325,0.56838,0.81287,1.36842,0.16905,0.93986,0.25105,0.78327,100
mj3zhi3.bmp,0.53907,0.77586,1.0885,1.53982,0.25018,0.95907,0.35428,0.80969,100
mj3bi0.bmp,0.77741,0.89103,1.11304,1.35652,0.46048,0.97066,0.63356,0.79078,100
mj3po0.bmp,0.85047,0.67839,0.76331,1.17751,0.31108,0.96541,0.46322,0.79809,100
mj3jiang1.bmp,0.99165,0.51244,0.58289,1.07487,0.27861,0.96584,0.4345,0.76237,100
mj3jiu0.bmp,0.77707,0.62255,0.98333,1.7,0.27859,0.97755,0.38725,0.80503,100
mj3zhi1.bmp,1.00811,0.96403,1.02344,1.08594,0.34254,0.97412,0.46344,0.84265,100
mj3ling0.bmp,1.02275,0.76506,0.81875,1.0375,0.46679,0.96274,0.55631,0.86279,100
mj3bu0.bmp,0.96297,0.79085,1.075,1.275,0.31939,0.96548,0.38401,0.86401,100
mj3zu0.bmp,1.10178,0.7037,0.77246,0.97006,0.25848,0.96763,0.39028,0.75544,100
mj3jing0.bmp,1.28799,0.58333,0.67016,1.13089,0.41422,0.97151,0.59929,0.7643,100
mj3jia0.bmp,0.9926,0.78788,0.92308,0.92308,0.31884,0.97172,0.5098,0.79687,100
mj3ling1.bmp,1.07268,0.80864,0.80606,0.98182,0.39487,0.95263,0.47474,0.86324,100
mj3mo0.bmp,1.14396,0.73373,0.77576,1.02424,0.34076,0.96408,0.43243,0.86741,100
mj3xian0.bmp,0.93456,0.81657,0.93478,1.22464,0.28645,0.96908,0.42122,0.78468,100
mj3fa0.bmp,0.97982,0.66667,0.72832,1.09249,0.25931,0.95657,0.37448,0.77087,100
huaicht5mj5jun0p.bmp,1.32241,0.92562,0.86076,0.76582,0.32435,0.96307,0.49775,0.75499,30
huaicht2mj2yu1p.bmp,1.76391,1.70833,0.94079,0.47368,0.18206,0.92458,0.31065,0.79089,30
huaicht3mj3zhen0.bmp,1.16246,0.65366,0.83529,1.20588,0.20768,0.96134,0.36552,0.749,30
huaicht5mj5shou2p.bmp,1.14458,1.18584,0.93182,0.85606,0.30058,0.94718,0.40501,0.81748,30
huaicht1mj1ye0.bmp,0.66295,0.65556,1.26667,2.0,0.31015,0.9667,0.50384,0.78161,30
huaicht5mj5yang1.bmp,1.23226,0.83333,0.80645,1.00645,0.50703,0.9658,0.69806,0.78323,30
huaicht4mj4fa0.bmp,0.97694,0.78235,0.93182,1.28788,0.3928,0.97261,0.56871,0.77568,30
huaicht5mj5ye3.bmp,0.73949,0.69061,1.19588,1.86598,0.11833,0.87116,0.17902,0.78364,30
huaicht3mj3ren1.bmp,0.51853,0.75281,1.46154,1.95604,0.23546,0.96559,0.43356,0.78278,30
huaicht2mj2hun0p.bmp,1.08037,1.03279,1.14286,1.08929,0.43992,0.97052,0.57469,0.83771,30
huaicht3mj3zhi8.bmp,1.03976,0.79874,0.75758,0.96364,0.33648,0.95526,0.44278,0.82351,30
huaicht4mj4nai0.bmp,1.31222,1.20721,1.20325,0.90244,0.24086,0.96388,0.34261,0.83808,30
huaicht3mj3xin1p.bmp,1.08797,1.02222,1.07937,1.07143,0.12828,0.86517,0.19382,0.76488,30
huaicht2mj2shou0.bmp,0.8879,0.9635,1.09402,1.17094,0.40389,0.96538,0.5361,0.82175,30
huaicht2mj2cheng0.bmp,0.79988,0.66667,0.83436,1.30675,0.23192,0.94625,0.37039,0.77631,30
huaicht2mj2zhi3.bmp,0.5482,0.86275,1.26,1.53,0.25114,0.94665,0.33628,0.82285,30
huaicht5mj5hao1p1.bmp,1.33361,1.48276,1.10169,0.73729,0.33002,0.96401,0.48111,0.77421,30
huaicht2mj2zhi2.bmp,0.62753,0.82716,1.07965,1.43363,0.26456,0.96294,0.36853,0.81115,30
huaicht2mj2cheng0p1.bmp,1.16715,1.10156,0.65497,0.74854,0.20703,0.94289,0.32085,0.82612,30
huaicht3mj3dao0.bmp,1.31816,0.93289,0.86667,0.99333,0.28078,0.94728,0.36569,0.8452,30
huaicht5mj5yan1.bmp,0.98362,0.67708,1.0229,1.46565,0.29024,0.95819,0.48268,0.75891,30
huaicht5mj5zhen1.bmp,1.2146,0.69948,0.88158,1.26974,0.21049,0.9577,0.36938,0.75071,30
huaicht5mj5de0.bmp,1.10223,0.71598,0.97826,1.22464,0.38847,0.96543,0.5313,0.79094,30
huaicht1mj1zhi2.bmp,0.56724,0.81366,1.20755,1.51887,0.17637,0.92022,0.23546,0.82708,30
huaicht5mj5shou1.bmp,0.9241,0.89796,1.01575,1.15748,0.3137,0.95772,0.43549,0.80969,30
huaicht5mj5yao0.bmp,1.03338,0.6439,0.74857,1.17143,0.22598,0.94408,0.35645,0.75415,30
huaicht5mj5ye1.bmp,0.80967,0.73481,0.9187,1.47154,0.22558,0.95143,0.3691,0.76569,30
huaicht4mj4liu0.bmp,0.58325,0.66845,1.32653,1.90816,0.26473,0.96422,0.39062,0.78792,30
huaicht4mj4ren1.bmp,0.53515,0.79412,1.48889,1.88889,0.13284,0.92658,0.24453,0.78237,30
huaicht4mj4xing0.bmp,1.15769,0.81208,0.83784,1.00676,0.14878,0.93051,0.23346,0.75299,30
huaicht4mj4guo0.bmp,1.298,0.72785,0.76437,0.90805,0.29634,0.95505,0.44648,0.76744,30
huaicht4mj4ren2.bmp,0.53716,0.72376,1.29,1.81,0.24401,0.9693,0.44526,0.78602,30
huaicht3mj3dao1.bmp,1.29095,0.89506,0.82166,1.03185,0.35685,0.96541,0.50452,0.80998,30
huaicht4mj4jin1.bmp,0.52894,0.6875,1.05217,1.66957,0.17865,0.95348,0.3405,0.75631,30
huaicht1mj1ren3.bmp,0.56894,0.7377,1.29412,1.79412,0.20318,0.96872,0.38891,0.77188,30
huaicht5mj5zhao0.bmp,0.97501,0.67677,0.88356,1.35616,0.26802,0.94797,0.40242,0.79182,30
huaicht1mj1ren0.bmp,0.53465,0.73118,1.35052,1.91753,0.23656,0.96868,0.44936,0.77911,30
huaicht5mj5ye0.bmp,0.70647,0.75556,1.19,1.8,0.24531,0.95597,0.42024,0.76786,30
zhongcht3mj3zhen0.bmp,1.16381,0.64563,0.83529,1.21176,0.2083,0.96008,0.36199,0.74853,70
zhongcht5mj5ren2.bmp,0.4957,0.76437,1.47778,1.93333,0.21574,0.97723,0.38233,0.78421,70
zhongcht1mj1zhi0.bmp,0.4843,0.83125,1.30526,1.68421,0.43197,0.97076,0.56903,0.83312,70
zhongcht3mj3de1.bmp,1.22075,0.68571,0.9026,1.13636,0.27822,0.95376,0.38734,0.78501,70
zhongcht1mj1fu1p.bmp,1.12892,1.35052,1.48387,1.04301,0.33322,0.97375,0.51486,0.77958,70
zhongcht5mj5dan1.bmp,0.6974,1.025,1.57317,1.46341,0.36824,0.96657,0.46888,0.84832,70
zhongcht3mj3zhi0.bmp,0.61941,0.87013,1.13889,1.42593,0.24363,0.95875,0.35192,0.79828,70
zhongcht4mj4ci0.bmp,0.9609,0.86755,1.26667,1.4381,0.33567,0.96335,0.42726,0.83399,70
zhongcht4mj4fa0.bmp,0.97262,0.82099,0.91791,1.20896,0.3654,0.97036,0.52424,0.78139,70
zhongcht5mj5jia0.bmp,0.99898,1.02913,1.01575,0.81102,0.36771,0.97634,0.6309,0.78947,70
zhongcht1mj1shen1p.bmp,1.09586,1.11111,0.78049,0.60366,0.20901,0.9533,0.38093,0.75074,70
zhongcht5mj5ren3.bmp,0.56896,0.79651,1.29,1.72,0.21919,0.98035,0.40089,0.76455,70
zhongcht2mj2gong2.bmp,0.97665,0.87671,0.99225,1.13178,0.25565,0.94412,0.36214,0.77984,70
zhongcht2mj2dang0.bmp,1.06765,0.84564,0.84828,1.02759,0.48954,0.97267,0.72763,0.76435,70
zhongcht1mj1zhi1.bmp,0.6238,0.86184,1.19048,1.44762,0.27368,0.96185,0.37629,0.81761,70
zhongcht1mj1yu1.bmp,1.21791,0.86,0.79605,0.98684,0.11285,0.91134,0.16879,0.77379,70
zhongcht3mj3qing0.bmp,1.51114,0.77515,0.72254,0.97688,0.46244,0.97578,0.63264,0.7946,70
zhongcht3mj3zhe0.bmp,1.10401,0.75419,0.84568,1.10494,0.22948,0.95685,0.37395,0.73956,70
zhongcht1mj1wu1.bmp,0.74029,0.70213,1.21569,1.84314,0.34309,0.98092,0.53678,0.80474,70
zhongcht5mj5zhen1.bmp,1.22855,0.71354,0.86538,1.23077,0.21,0.95748,0.35706,0.7518,70
zhongcht3mj3zhi5.bmp,0.52876,0.79651,1.17143,1.6381,0.24972,0.96176,0.37643,0.78999,70
zhongcht1mj1zhi2.bmp,0.58084,0.80247,1.18692,1.51402,0.26038,0.96122,0.36214,0.81825,70
zhongcht4mj4de5.bmp,1.1968,0.67614,0.90411,1.20548,0.16368,0.90785,0.2254,0.78224,70
zhongcht4mj4nv0.bmp,0.73093,0.70053,1.18584,1.65487,0.15482,0.93286,0.25022,0.76024,70
zhongcht2mj2lei0.bmp,1.25268,1.15094,0.93571,0.75714,0.20869,0.90098,0.24666,0.87121,70
zhongcht5mj5zi1.bmp,1.19523,1.3299,1.02308,0.74615,0.31186,0.97652,0.46083,0.78004,70
zhongcht3mj3jiu0.bmp,0.68832,0.72316,1.1215,1.65421,0.29344,0.9686,0.38359,0.84093,70
zhongcht4mj4xing0.bmp,1.23096,0.73494,0.83673,1.12925,0.13413,0.92703,0.21424,0.74735,70
zhongcht1mj1dao0.bmp,1.2844,0.87037,0.80392,1.05882,0.45239,0.97234,0.61613,0.84029,70
zhongcht2mj2shen1.bmp,0.87052,0.64162,0.66851,0.9558,0.29984,0.97149,0.46478,0.75753,70
zhongcht1mj1bu1.bmp,0.89364,0.86331,1.26471,1.36275,0.34949,0.97247,0.439,0.84422,70
zhongcht3mj3ci0.bmp,1.0866,0.84906,1.1,1.325,0.25912,0.96038,0.33287,0.83531,70
zhongcht3mj3xing2.bmp,1.15423,0.70659,0.82517,1.16783,0.1188,0.90907,0.18988,0.74698,70
zhongcht3mj3jiu1.bmp,0.96757,0.99206,1.08411,1.17757,0.28156,0.9687,0.45804,0.79147,70
zhongcht3mj3jing0p.bmp,1.91924,0.94776,0.72832,0.77457,0.22386,0.95358,0.38202,0.73423,70
zhongcht1mj1ren0.bmp,0.52406,0.73262,1.32323,1.88889,0.21812,0.98204,0.42712,0.76605,70
zhongcht1mj1chang0.bmp,1.04879,0.64198,0.63874,0.84817,0.30371,0.96976,0.55786,0.73967,70
zhongcht4mj4san0.bmp,0.47261,0.94964,1.57831,1.6747,0.30558,0.97003,0.4601,0.80486,70
zhongcht5mj5ci4.bmp,0.954,0.86928,1.27885,1.47115,0.32036,0.9604,0.42401,0.82088,70
haocht5mj5ci2.bmp,0.87209,0.85806,1.26923,1.49038,0.2866,0.9608,0.35924,0.83724,85
haocht4mj4jia0.bmp,0.88311,0.80952,0.9635,0.91971,0.32522,0.97622,0.58727,0.78658,85
haocht3mj3zhi0.bmp,0.6103,0.86452,1.11818,1.40909,0.23238,0.95857,0.3395,0.80025,85
haocht5mj5jing0.bmp,1.32,0.66667,0.71978,1.07143,0.36778,0.96772,0.5259,0.77342,85
haocht2mj2gong2.bmp,0.98777,0.85714,0.99225,1.13953,0.25674,0.94587,0.36852,0.77691,85
haocht2mj2liu0.bmp,0.49767,0.76506,1.53012,2.0,0.26854,0.96238,0.41059,0.77607,85
haocht2mj2dang0.bmp,1.07437,0.83893,0.84247,1.02055,0.50214,0.97334,0.75517,0.76104,85
haocht4mj4de2.bmp,1.16926,0.6648,0.91946,1.20134,0.18355,0.92336,0.25557,0.78615,85
haocht4mj4er1.bmp,0.67215,0.99254,1.39362,1.42553,0.35757,0.96493,0.47473,0.79596,85
haocht3mj3qing0p.bmp,1.76659,0.85526,0.78613,0.87861,0.21868,0.96231,0.37557,0.73045,85
haocht3mj3zhi3.bmp,0.6207,0.91156,1.17143,1.4,0.24768,0.9587,0.35617,0.80404,85
haocht1mj1ren1.bmp,0.52023,0.71053,1.24762,1.80952,0.2283,0.97123,0.43575,0.77289,85
haocht5mj5fang0.bmp,0.89069,0.73714,0.99248,1.31579,0.22296,0.95946,0.3634,0.74651,85
haocht4mj4dao2.bmp,1.21252,0.92763,0.88966,1.04828,0.44118,0.96997,0.594,0.82334,85
haocht1mj1bu0.bmp,0.92445,0.79866,1.19444,1.37963,0.32448,0.9733,0.41326,0.84112,85
haocht5mj5de0.bmp,1.1154,0.74096,1.0,1.22963,0.36049,0.96381,0.5011,0.78725,85
haocht3mj3xing0.bmp,1.10738,0.72892,0.87943,1.1773,0.16808,0.94072,0.26923,0.7441,85
haocht5mj5dao0.bmp,1.23692,0.80114,0.84967,1.15033,0.41061,0.9707,0.59857,0.80232,85
haocht2mj2shen1.bmp,0.904,0.62857,0.65217,0.95109,0.20272,0.94978,0.31951,0.75113,85
haocht3mj3dang0p.bmp,0.78672,1.53012,2.32143,1.48214,0.6278,0.97441,0.76069,0.85946,85
haocht2mj2shang1.bmp,0.775,0.83832,1.16964,1.49107,0.01163,-0.14226,0.01926,0.79417,85
haocht1mj1ren3.bmp,0.56195,0.70157,1.31,1.91,0.22565,0.96768,0.42684,0.78029,85
haocht1mj1chang0.bmp,1.08201,0.6358,0.64398,0.84817,0.22238,0.96067,0.41194,0.73599,85
haocht4mj4yi1.bmp,0.26506,0.87755,4.88462,5.65385,0.60047,0.98499,0.76233,0.90358,85
haocht4mj4san0.bmp,0.46178,0.9635,1.57831,1.6506,0.32812,0.97228,0.49973,0.80303,85
haocht2mj2gong2p.bmp,0.69454,1.68421,2.93182,1.72727,0.64519,0.98336,0.75835,0.87514,85
haocht3mj3ling1p.bmp,0.59427,0.92086,2.01538,2.13846,0.36547,0.96256,0.51095,0.83217,85